id,pattern_index,pattern_id,pattern_name_ja,summary_ja,context_ja,b_problem_ja,problem_ja,b_solution_ja,solution_ja,consequence_ja,unit_noチャートにしたときに軸に紐づくか入れてください。,category_id紐づくカテゴリーのIDを入れてください。,group_id紐づくグループのIDをいれてください。
1,1,A0,実践体得,試行錯誤しながら理解を深め、身につけていく。,自分たちの店・事業・仕事で、価値創造マーケティングを実践してみたいと考えている。,本を読んだり話を聞いたりしただけでは、自分で実践できるような理解に至ることはできない。,“実践知”は、誰かが教えてくれる知識を受け取って覚えるという学び方ではなく、自らの実践のなかで体得する必要がある。自分の実践こそが自分にとっての最高の教材であると考えるとよいだろう。考えや事例は、あくまでもその実践のための補助に過ぎないのである。,考えや事例を参考にしながら自分で実践していくことで、自分なりの答えを見つける力をつけるようにする。,習得のためには、まず【一歩踏み出す】ことが不可欠である。そして、成功事例から《まねぶ》（真似て学ぶ）ことを大切にしながら、【自分なりに実践を重ねる】ように心がける。ある程度の成果を出していけるようになったら、一つひとつの実践ではなく、より大きな仕組みや系などに目を向け、【本質を捉えて動く】ことに挑戦していく。,践できる力を身につけ、結果を出し続けていくことができるようになる。こうして、お客さんの《心を動かす》ことができ、お客さんにとって《特別な存在》になることができるようになると、商売も人生も充実したものになっていくだろう。,0,1,1
2,2,A1,まずは動く,やってみなければ、何も始まらない。,価値創造マーケティングを実践してみようと思っている。,内容を完全に理解して、完璧な体制・環境を準備してからと思っていると、なかなか始めることができない。,実践知は、実際にやってみて《実践体得》しないと、理解が深まらないものである。しかし、完全に理解してから始めようと思っていては、そのときはいつまでも来ないので、結局何もできず、理解も深まらないということになってしまう。また、体制や環境を先に完璧に整えようと思っても、それも叶わないまま、始められないということが起きやすい。そうやって、計画ばかりしているという状況から前に進めないということは多い。,まずは、今の自分にできそうなことを見つけ、どんどん動いていくようにする。,これをやらなければいけないという思考にとらわれずに、《ピンとくるもの》を見つけて、動き始めてみるようにする。コストや組織内のルールなどが制約になり、やりたいことができないこともあるかもしれないが、そのようなときは、現状の制約の中でも《できる範囲のこと》を少しずつやっていくようにする。できることを考えてもよくわからない場合には、《先輩への相談》から始めて、実践のヒントを得て実践している。,とにかく動き出し、実際の取り組みを始めてみると、目の前で変化が起きてくるので、次にやりたいことや、やるべきことなどが見えてくるものである。うまくいかなくても、それは学びにつながるので、恐れることはない。実際にやってみると、やる前に感じていた不安は消え、実践していくことに積極的になっていくだろう。こうして実践を重ねて、学び続けることができるようになっていく。,1,1,2
3,3,A2,まねぶ,「真似る」ことで「学ぶ」。,これから実践に入ろうとしていたり、少し実践し始めたりしている。,いきなり自分でゼロから考えようとすると、よい案は思いつかないだろう。,これまでやったことのない、自分にとって初めてのことを実践しようとしているので、いきなりオリジナリティを求めてしまうと、どうしてよいのかわからないだけでなく、実践への理解も深まらない。,これまでの実践事例の中から、気に入ったものやできそうなものを選び、まずはほぼそのまま真似してみることから始める。,まずは事例を眺め、真似したいと思うもの・これならできそうというものを見つけてみる。事例は、自分と同じ業種だけから探すのではなく、《業種・業態を超える》視点をもって、まねび（真似して学び）たいものを探していく。選んだ事例のやり方が、自分の商品・サービスや、店・会社と合わない部分がある場合には、《自分の場合への置き換え》をして真似をするとよい。自分がよいと感じる実践をしている人や店・会社の《なりたい人探し》をするのもよいだろう。,自分の気持ちが動いたことから始めることで、自分の感性に合った取り組みで、一歩を踏み出しやすくなる。また、成功している事例を真似することで、成功の確率が上がり、取り組みが成果につながる感覚を味わいやすくなるだろう。しかも、想定していたものと異なる結果になったときには、事例と比較検討することで、自分の取り組み方について振り返り、改善につなげることがしやすくなる。,1,1,2
4,4,A3,起きている変化,お客さんの行動にどんな変化が起きただろうか？,何かの実践をしてみた。,実践の効果として販売量や売り上げしか見ていないと、取り組みがもたらした効果を捉え損ねてしまう。,商売である以上、販売量や売り上げに意識が向くのは、自然なことである。しかし、何かの取り組みをした場合に、いきなり販売量や売り上げに対して目に見える変化がもたらされるとは限らない。そうして、「効果が出ない」と判断し、実践をやめてしまっては、せっかくの成長への道を途中で降りることになってしまう。,実践した取り組みや働きかけの効果を確認するときには、お客さんの反応や行動がどのように変わったかに着目する。,まず、お客さんの《行動の変化》を見逃さないようにし、店やお客さんの《空気の変化》も感じるようにする。それらは、目指す変化が始まっているということの表れである。それがわかるようになると、《自分の変化》も感じることができるだろう。実践を始めてから変化が起きるまでに時間がかかることもあるので、変化が起きるまでの《時間差の織り込み》もするようにするとよい。ごく一部の人からネガティブな反応が来るかもしれないが、調整・改善をすることにして、《へこまず続ける》ようにする。,普段なら見過ごしていた、お客さんの行動や空気が変わっているということに気づくことができるようになる。それまで数字ばかりを見ていた人には、今までとはまったく異なった視点でものごとを見られるようになり、視野が広がり、発想も柔軟になっていくだろう。取り組みの結果を適切に捉えられるようになると、今回はどうだったのか、次にどうするかという検証も適切にできるようになり、実践の精度を上げていくことができる。,1,1,2
5,5,A4,考えながら繰り返す,1ステップごとに振り返らなければ、積み上がっていかない。,いろいろと実践を重ねている。,単にいろいろな取り組みをやっているだけでは、個々の変化はあっても、それ以上の大きな変化は生まれてこない。,何か取り組みを行えば、その効果や手応えを感じることができるものである。しかし、その結果がなぜ起きたのかを理解しなければ、その実践についての理解は深まらず、実践の勘所はつかめないままである。,何か取り組みをするときには、それをやる理由を考えたり、結果が出たときには、なぜそれが起こったのかを考えたりすることで、「こうしたら、こうなる」という感覚を磨いていく。,ただ闇雲に実践するのではなく、《なぜそれをやるのか》をきちんと考えるようにする。また、結果を振り返り《なぜそうなったのか》を考える。時間をかけて何度も実践をしていくときに、頭の中だけで考え続けて思考を深めることには限界があるので、《考えるための書き出し》をしてみる。実践をしたのに、変化が何も感じられないときは、《反応がないことも反応》だと捉えて、反応がない理由を考え、次に活かすようにする。,実践をすると結果が出る、という経験から、何かを働きかけ、何かを起こすという感覚に変わり、変化を起こすことについての勘所がつかめるようになってくる。また、この実践をしたら、こういうことが起きるだろうと、ある程度予想ができるようになってくると、取り組みについて吟味・判断するときの精度が上がり、成長が早まる。このように「なぜ」を考え続けることは、いずれ必要になってくる理論的な理解による《本質をつかむ》ことへの土台となり、《実践習得》が効果的に進みやすい。,2,1,3
6,6,A5,オリジナルな取り組み,変化が生まれて来たら、真似だけではなく、自分なりの工夫を入れていく。,いろいろな取り組みにチャレンジしてきて、ある程度手応えを感じるようになってきた。,他の人の事例から《まねぶ》ことは、ある程度の成果を生み、手応えを感じられるものの、そればかりでは自分の店や会社らしい取り組みにつながっていかない。,たしかに、他の人が実際にやって効果があったものというのは、導入するときに安心感があり、また実際に成功しやすいだろう。しかし、そのような、すでにある事例をアレンジできる範囲は限られており、本当の意味で自分の店や会社らしい発想でつくられたものではないという限界がある。,自分ならではのアレンジやオリジナルの取り組みを少しずつ実践に織り混ぜて、自分たちらしく進化させていく。,自分ならではの新しさを考えるときには、日頃面白いと思っていることややってみたいと思っていることなど、自分の《好きを入れていく》とよい。そのとき、いきなりやることに抵抗があるようであれば、お客さんの反応を《小さく始めて探る》のもよいだろう。また、業種・業態の常識から考えると「唐突」だと思って躊躇してしまうことがあるが、お客さんからは反響がある場合もあるので、《唐突でもよい》と考えるとよいだろう。,取り組みに自分らしさを入れ込んでみると、真似だけをしているときよりも、やってみたいと思えることが浮かびやすく、実践が楽しいと感じやすくなる。また、自分で考えようとすることで、これまでと事例を見る目が変わってくるため、事例の裏にある本質やロジック、事例同士の共通項などに気がつけるようになるだろう。,2,1,3
7,7,A6,飛躍の前の伸び悩み,そう悩んでいるのは、まさにレベルが上がってきた証拠。,いくつもの実践が個々に成果を上げている。,なかなか目指す結果に至らないので、自分や方法の限界なのではないかと考え、伸び悩んでいると感じてしまうことがある。,先が見えないチャレンジは、なかなか辛いものだ。そういうとき、「自分の業界には向かないのではいか」とか「自分には合わないのではないか」など、「できない理由」を探して、納得しようとしがちである。しかも、そういうときに、他の人がすごい成果を上げていると聞くと、気持ちが焦ったり、つらくなったりしてしまい、ネガティブなスパイラルに陥りやすくなる。,今はちょうど実践知習得のS字カーブの上昇の手前にいる地道に実践すべき時期なのだと捉え、そのまま実践を重ねていく。,今足踏みをしているように感じているのは、実践を始めたときに比べて、《悩みのレベル》が上がったことが理由かもしれない。そういうときには、何か新しいことやレベルの高いことをするということではなく、《そのまま続けていく》ということが大切である。とはいえ、ずっと走り続けるのがつらければ、《たまには休んでもよい》と自分に言い聞かせ、充電の時間を持つのも大切である。先輩たちの話を聞くことができると、《先にある世界》を感じて元気が出るとともに、試行錯誤と実践の大切さも再認識することができる。,自分の状況を正しく認識し、あきらめずに実践を重ねていくことで、ある日突然飛躍が起き、霧が晴れるように見える世界が一気に変わり、結果も変わってくる。また、ここを乗り切ることで、実践知を習得していくことの感覚や自信が得られ、今後も壁を越えていける精神力をつけることができる。こうして、より大きな成果を生み出すことにつながっていくのである。,2,1,3
8,8,A7,本質をつかむ,結果を意図的につくれるようになると、成果と成果が持続するようになる。,一つひとつの取り組みは成功することが増えてきた。,結果は出せていても、出ている結果を意図的につくることができていないと、別の状況で再現したり、展開したりすることができず、より大きな結果につながらない。,ただ実践しているだけでは、いつまでたっても、そこで起きていることのメカニズムを深く理解して、次に活かすことができない。また、それを説明したりすることもできないままである。,成功事例において、何がどのように効いて効果が出たのかというロジックを考え、その実践の本質を捉えるように努める。,実践知の理解を深めるためには、理論の理解だけでも実践だけでもだめで、《理論と実践の往復》をしながら考えていくことが大切である。この往復をしていくことで、実践で起こった《出来事の本質》を捉えられるようになり、応用する力も得ることできる。そして、ある程度の成果が出せるようになってきたからこそ、以前に触れていた《同じ理論に何度でも》触れるようにすると、新たな気づきがあるものである。,意図して結果をつくることができるようになり、別の状況で再現したり、展開したりすることもできるようになる。このような力が身につくと、あらゆるものが事例として見え、アイデアの種も日々増えるようになる。そうすると、成果と成長が持続するようになり、将来に対する不安もなくなっていく。,3,1,4
9,9,A8,全体のつながり,流れが途切れたり、滞ったりしているところは、どこだろう？,実践を重ね、個々の取り組みがうまくいくロジックもつかめるようになってきた。,個々の実践は効果を生んでいるかもしれないが、大きくビジネスを動かしているという感覚には欠けるかもしれない。,例えば、お客さんが見込み客からリピーター、ファンになっていく流れにおいて、途中でうまくフォローできていない部分があったり、滞りがあったりして、全体としてうまく流れていかないということがあるかもしれない。そういう状況では、全体のハンドルを握っているという感じは持てないだろう。,客さんの心が動き、長く続く関係に発展していくような流れが、途切れずにつながっていくように、全体の仕組みを意識する。,全体的な流れを捉えるときには、いろいろなところに《しかけの散りばめ》をして、それらの間のつながりを考えると、流れがつかみやすくなる。そのとき、お客さんの《心を動かす》ことと、《特別な存在》になるということの両面から考えていくことが重要になる。こうして、足りない要素が見えてきたら、《ミッシング・ピースを埋める》ような施策を考える。,お客さんの行動やお客さんとの関係の発展がスムーズに流れていくために何が必要かがわかり、次にやるべき取り組みが見えてくる。一度、その全体の仕組みが見えると、その後の新しい取り組みは、全体の仕組みとの関係で位置づけて考えられるようになり、実践の精度が上がっていくだろう。そうすると、全体のハンドルを握って、自分が動かしているという感覚がもてるようになる。,3,1,4
10,10,A9,系の感覚,世の中は「系」（システム）としてできている。,自分たちの実践を通じて店・会社の業績が上がり、その手応えも感じている。,見えている範囲の外に広がる世界の物事のつながりを捉えていない状態では、自分たちが成し遂げていることをきちんと理解していないということになる。,世の中のすべての物事はつながっていて、その関係性や相互作用で世界が成り立っている。そのなかでは、自分の行動や意外な物事が、結果に影響を与えている。そういうことが見えていないと、今はうまくできていても、将来歪みが生じたり、本来なら受け取れるものも受け取れなくなったりしてしまう。,自分が取り組んでいる商売の世界というものは、生態系のように、ひとつの「系」（システム）としてつながっていて、連鎖・循環しているという認識をもつ。,自分の周囲に広がるより広い範囲のつながりを感じ、想像力を用いてその《目には見えないネットワーク》を思い描くことで、それを「系」（システム）と捉えるのである。系が見えてくると、部分的な影響だけではなく、どのような相互作用や波及効果をもち得るのかがわかるようになる。そうなると、系のなかでの《意外な影響要素》や効果の連鎖、よい循環を生み出すためには何をすればよいかが見えてくるだろう。,すべてがつながって動いているということに気づき、「世の中はこうやってできていたんだ！」と、世界の見え方が変わる。そうなると、系に働きかけ、循環をまわすことができるようになる。そうなると、大きな判断も迷いなくすることができるようになり、次第に自分らしい商売・事業が「揺るがないもの」となって、安定的に動き続けるようになっていく。そうなると、周囲に生かされながら生きているという謙虚な気持ちも持ちながら、愉しく仕事を続けていくことができるようになる。,3,1,4
11,11,B0,心を動かす,「売ろう」とするのではなく、「買いたい」という気持ちに気づくように働きかける。,なかなか売れ行きがよくならない。,売れ行きがよくない理由を、扱っている商品・サービスの力や価格、立地の問題だと捉えてしまいがちである。,たしかに、商品・サービスの良さや立地が売れ行きに影響があるのは事実だが、それを理由にしてしまっていては、商売の改善は見込めない。また、単に価格を下げても、なかなか売れるようにはならないだけでなく、商売そのものを苦しい状況に追い込んでしまうだろう。,商売とは単に商品やサービスを提供するということではなく、その価値を伝えることで人の心を動かし、「買いたい」と思ってもらうことだと理解する。,つまり、「そこに置いてある商品が売れる」のではなく、「その商品を欲しいと思った人がそれを買う」という出来事だと捉えるのである。それを起こすためには、まず、【知ってもらう】必要があり、その上で【価値を伝える】働きかけをしていく。さらに、商品・サービスの先にあるお客さんの【幸せをもたらす】ということに、価値づくりの焦点を当てていくとよい。,商売・事業の基本である「売る」ということを正しく捉えた上で、様々な工夫を成果につなげていくことができるようになる。その結果、行う取り組みが成果につながりやすく、売上、ひいては商売、事業を安定させていくことにつながっていく。また、この考え方をできるようになることで、どのような商品・サービスであっても、その価値を見出し、魅力的に伝えられるようになるため、今の領域にとどまらず、商売・事業を広げていくことができるようになる。,0,2,5
12,12,B1,存在のアピール,発見されなければ、何も始まらない。,もっと多くのお客さんに来てほしい。,こちらが思っているほど、お店・会社の存在や、自分たちがどのような商品・サービスを扱っているのかということは、認識されていないことが多い。,自分たちは、自分たちのお店や会社がここにあることをよく知っているし、商品・サービスについても手に取るようにわかっているので、そのことは明らかなことであると思ってしまいがちである。しかし、商品を棚に並べたりメニューに書いてあったりしても、実際にお客さんが認識しているかは別問題である。特に、形のないものを売っているときには、ますます認識されにくいものである。,店・会社が存在するということや、このような商品・サービスがあるということに気づいてもらえるように、まず、「ある」ということをきちんと発信する。,例えば、「冷やし中華あります」というのがその代表である。ずっと前から棚に置いてある商品であっても、それを売っていますということを《あえて言う》ようにするとよい。店の存在についても、そこにあれば目に入れてもらえると思うのではなく、看板などで誘導するなど、《あえて言う》必要がある。,まず、「ここにある」「これを売っている」ということがお客さんに認識され、その事実に気づいてもらうことができる。それによってはじめて、買うかどうかの検討の土台に乗せてもらうことができ、「売る」ことに向けての第一歩を踏み出したことになる。これをしっかり行うことができるようになると、どう発信するか、何を伝えるかという試行錯誤が、ようやく実を結ぶようになってくる。,4,2,6
13,13,B2,気になるしかけ,「お、なんだ？」気になると、自然と身体も動き出す。,商品やサービスについてお客さんに伝えたい。,商品やサービスを説明する情報は、その人がよほど気になっていたことでない限りは読んでもらえず、素通りされてしまうだろう。,もともとその商品・サービスに関心がある人は、それほど働きかけなくても、その商品・サービスの購入を検討してくれるものである。しかし、より知ってほしいのは、これまで特に関心がなかったという多くの人たちだろう。そういう人に対しては、こちらがどんなにうまく魅力的に説明を用意したとしても、読むという労力を払ってはくれないものである。,目に入った瞬間に、「なんだろう？」「おもしろそう」と興味が湧くように、伝える内容や伝え方を工夫する。,まず、何かを伝えるときには、《景色にならない存在感》があるようにするのが基本である。背景に埋もれてしまっては、まず見たり読んだりしてもらえないからである。そして、商品・サービスについて紹介するときには、《興味を引く言い方》や《ビジュアルのアイ・キャッチ》など、工夫をしてPOPや看板などに表現するようにするとよい。,もともとその商品・サービスに興味がなかったお客さんにも、目を向けてもらい、興味を持ってもらうきっかけをつくることができる。もしその内容が気になるものであれば、関心が生まれ、その商品・サービスをより知ろうという行動につながっていく。こうして、もともと関心があったお客さんだけでなく、関心がなかったお客さんにも、その商品・サービスの価値を伝えていくことができる。,4,2,6
14,14,B3,行動のガイド,いま何をしてほしいのか、具体的に伝えてみる。,《あるということの発信》や《気になるしかけ》によって、お客さんが商品・サービスに気づき、興味をもってくれた。,興味を持っても、次の行動にはつながらず、流れてしまいがちである。,人は慣れていることであれば、無意識に自然に次の行動へと移ることができるが、慣れていないことに対して、なかなか次の行動にはつながりにくい。そうなると、どうしようか考えているうちに通り過ぎたり、手に取らずに別のことを考えたりし始めてしまうだろう。「〇〇してほしい」と思っても、心のなかで願っているだけでは、それらが実際に起こることはなかなかないだろう。,実現したいことが起きるためには、お客さんがどのような行動をとる必要があるかを考え、その行動について具体的に伝えるようにする。,例えば、まずは「お店に入ってもらう」ことを目的とするならば、前を通りかかった人が見えるような場所に、「〇〇なので、まずは入ってください」など、「入ってほしい」という意思を、《具体的に伝える》ようにする。お店に入ってもらったら、次は「商品を手に取ってもらう」というように、取ってほしい行動が順に起こるように考えていく。《具体的に伝える》ことをしたのに、そういう行動が見られないというときは、お客さんの立場に立って本当に《わかりやすいかチェック》をして、修正・調整して、何度も試してみる。,お客さんがお店に入ったり、商品を手に取ったりというような、お客さんにしてほしい行動を実際にしてもらうことができるようになる。これができるようになると、価値を伝えて商品・サービスを知ってもらうという流れが実現できるようになる。,4,2,6
15,15,B4,価値の掘り起こし,この商品・サービスは、お客さんにどのような価値をもたらすのだろうか？,商品やサービスについて紹介しようとしている。,商品名や仕様（スペック）、価格などをいくら説明しても、お客さんの心が動くことはほとんどない。,商品・サービスについて紹介するときと、つい、商品名や仕様（スペック）などの属性や価格などを説明しようと思いがちである。しかし、それらの情報は、ほしいと思う気持ちを引き起こすことはあまりないので、手に取ってみたり買ったりする行動への動機にはなりにくい。,その商品・サービスを手にすることで、お客さんの生活にどのようなよいことがもたらされるのかを考え、それを伝えるようにする。,商品・サービスの価値を考えるときには、まず、「これによって、お客さんの生活に、こういうよいことが起きるだろうか」とか「お客さんのこういう困りごと・問題を解決できるだろうか」というように、どのような《心の充足とお悩み解決》に寄与できるのかを考えてみるとよい。その際、お客さんの《生活全体のイメージ》へと思いを馳せることが重要となり、そのためには、自分の店・会社のお客さんを観察したり話を聞いたりするなかで、《うちのお客さん像》を把握することが不可欠である。また、商品・サービスの背後にある《つくり手の想い》に着目することで、価値を見出していくこともできる。,お客さんが、商品・サービスが自分にどのような価値をもたらしてくれるのかを知り、その商品・サービスについてもっと知りたいと思うようになるかもしれない。仕様（スペック）や価格などの情報は、そうやって感じた価値との関係において検討する際に用いられることになる。,5,2,7
16,16,B5,惹き込む伝え方,「それ、ほしい！」という気持ちを引き出す。,商品・サービスの価値を、お客さんに伝えたい。,価値を伝えるために、長い文章で説明したり、わかりにくかったりすると、その情報は伝わらない。,長い文章は、読む人の時間を拘束し、読むための努力も強いるので、もともと興味のある人しか読んでくれないものである。また、難しい内容や理解しにくい表現も、お客さんの心が動くことにはつながらない。価値を伝えるだけでなく、商品名や仕様（スペック）も伝えなければと思っていると、情報量が多くなり、価値を伝えている部分が埋もれてしまうので注意が必要である。,「もっと知りたい！」「ほしい！」と直感的に思ってもらえるように、伝える内容や、順番、方法、情報量などを工夫する。,商品やサービスについて伝えようとするときに、まず意識すべきことは、商品名などではなく、《価値から伝える》ということである。また、表現や情報量に注意し、《直感的なわかりやすさ》を大切にする。パッと見で、目にとまり、直感的に理解できるかどうか、お客さんになったつもりで、実際に自分で確かめてみるとよいだろう。,その商品・サービスにもともと興味をもっていなかったお客さんにも、価値を伝えることができる。「読もう」「理解しよう」という努力を求めずに、ふと気になって見て、魅力を感じてもらえるようになるのである。その結果、より多くの人に、その商品・サービスに興味をもってもらい、その価値を味わってもらう機会を提供することができる。,5,2,7
17,17,B6,「買う」への橋渡し,「買いたい」の気持ちを行動につなげる支援。,お客さんが商品・サービスに興味を持ってくれている。,その商品・サービスについて少しでも不明な点や不安に思うことがあると、そこからためらいが生じ、「買うのは、やめておこうかな」という気持ちに変わってしまうことが多い。,価値を直感的に感じていても、その商品・サービスの購入を検討する際には、疑問に思うことがあったり、選択肢のなかから選ぶのが難しかったりすると、購入には至らないということがある。例えば、「これは何人前なのか」とか、「この３つのなかで、どれを選べばよいのか」という迷いが生じると、購入へと踏み切れないのである。,その商品・サービスを買う判断をするために不足している要素や不安が残らないかを先回りして探し出し、それを解消するような情報も提供するようにする。,そのためには、商品を手に取ったまま迷っていそうなお客さんがいたときには、その様子を観察して、《どこで止まっているのか》を把握する。あるいは、声をかけて、何を迷い困っているのかという《ためらいの理由》を聞いてみるのもよいだろう。また、情報と商品・サービスは《気づいてもらえる距離》の範囲に置いておくことで、どこにあるのかが迷うこともなくなる。日頃から自分が買い物をするときの行動を振り返って、《自分の経験の分析》をして、何が買う決め手になったのかを考えてみるのもよい。,お客さんに興味はもってもらえたものの、購入にはつながらないという状況がなくなり、「ほしい」と思ってもらえたお客さんに、その商品・サービスの価値を実際に提供することができるようになる。また、お客さんにとっても、「迷わずに適したものを買うことができる親切なお店・会社である」というイメージが生まれ、よい関係性を築いていくことができる。,5,2,7
18,18,B7,ひとまわり大きな価値,情報と行動のデザインから、お客さんの「体験」のデザインへ。,自分たちの提供する商品・サービスの価値を魅力的に伝えることができるようになってきた。,自分たちがお客さんに提供しているものが、商品・サービスだけだと思い込んでいると、お客さんにとって必ずしも、心地よい場や関わり方になるとは限らない。,お客さんに販売するのは、商品やサービスであるため、どうしてもそこに意識が向かってしまうものである。しかし、お客さんにとっては、商品・サービスだけでなく、それらが提供されている場やそこでの関わり方も、体験を構成している要素となる。,お客さんが自分たちの店・会社を選び、商品・サービスに出会い、吟味し、購入するという「体験」の全体をデザインするという意識で、場や関わり方をつくっていく。,雰囲気や前後の流れ、余韻など、全体から得られる《体験全体の質》を大切にする。そのとき、お客さんがどういう気持ちでここに来て、どんなふうに暮らしていくのかという《お客さんのストーリー》を踏まえたり、お客さんとの会話のなかから、《会話に潜むニーズ》を見出したりするとよい。また、商品・サービスだけでなく、その商品・サービスの《使いこなしのアドバイス》も提供すると、それを使う体験までを含めた全体に関わることができる。,商品・サービスを選んでいるときやそれを使っているときに、お客さんに質の高い体験をしてもらうことができ、高い満足度を感じてもらえるようになるだろう。そのことは、再びこの店・会社を選ぶという積極的な理由となり得る。,6,2,8
19,19,B8,プロとしての目利き,御用聞きではなく、教え導く「マスター」になる。,お客さんにとって心地よい場や関わりのなかで、商品・サービスを提供できている。,お客さんのニーズに応えることに意識が行き過ぎると、それを超える価値を提供することはできない。,お客さんには、商品・サービスを自分で選んで「これをください」と言う人が多いだろう。しかし、こちらにとっては、自分たちの提供している商品・サービスについて詳しい知識を持っていることから、お客さん本人が選ぶものよりも、もっとその人に合うものがあるとわかるときがある。しかし、「お客さんのニーズに応えることが、売り手の使命」だと考えていると、お客さんの選択を尊重しすぎて、自分がよいと思ったものは抑え込んでしまいがちである。,お客さんがほしいというものを単にそのまま提供するのではなく、プロの眼から見て、その人に本当に合うと思うものを提案する。,大切なのは、お客さんが《ほしいと思う理由》なので、まずそれを聞くところから始まる。そうやって、お客さんのニーズや思いをきちんと聞きながらも、プロとして《お客さんを支える》という意識をもち、《あなたに合うもの》はこれだということを提案し、理由とともに伝える。,お客さんが、本人だけでは見つけることのできなかった、その人に合うよりよい商品・サービスに出会うことができる。そして、そのように期待を超える価値が得られるとして、それを選んでくれた人やお店・会社への満足度・信頼も高まることになるだろう。,6,2,8
20,20,B9,心豊かな世界,自分が魅力的だと思う世界を通して、お客さんの心の豊かな経験をつくる。,お客さんに商品・サービスを喜んでもらえている。,お客さんのこれまで暮らしのなかに商品・サービスを提供するだけでは、そこに部分的な良さをもたらすことはできても、それ以上の変化をもたらすことはできない。,「この分野での商売はこういうものである」という、現在の業界区分や商業に対する古い考え方は依然としてあるのは事実である。それらの制約に縛られたり囚われたりしていると、自分にとって最も重要な価値を伝えることができないだろう。,自分だからこそ見えている「世界」の素晴らしさをお客さんにも感じてもらい、その先にある幸せな「世界」へ誘(いざな)うことが、自分の提供できる最大の価値だと考える。,まず、基本はお客さんの《幸せ増やしのお手伝い》をすることだと意識する。そして、自分の業種や仕事の内容に囚われずに、自分の好きなことや得意なことも取り込んで《自分の世界を織り交ぜる》と、新しい価値や世界を拓くことがある。また、世の中で《人々を魅力しているもの》にも積極的に触れ、感性を磨くとよいだろう。,プロとしての知識・技量をもっている専門や、自分が好き・得意としていることを含む素晴らしい世界をお客さんにも垣間見てもらうことで、その美しさや奥深さ、秘めた可能性などを味わってもらうことができる。このことは、自分にしかできないような独自の価値を発展させていくことにつながるだろう。こうして、自分が商売をするということと、自分が生きていくということが重なっていくようになるのである。,6,2,8
21,21,C0,特別な存在,売る・買うという一時的な関係ではなく、今後も続く絆をつくる。,日々、お客さんに商品・サービスを提供している。,その場その場での関係性で終わってしまうと、次も来てくれるかどうかはわからない。,そのときお客さんが商品・サービスを買ってくれたとしても、同様のお店・会社があるなかで、次回も、そしてその先も来てくれる保証はない。そうなると、商売を安定的に続けていくことは難しくなる。,来てくれるお客さんとつながり、よい関係を築いていくことで、自分がお客さんにとって無くてはならない存在となることを目指す。,まずは、【つながり始める】ことで、お客さんとつながりがない状況を改める。お客さんとつながることができたら、コミュニケーションを重ね、単なる「売り手」と「買い手」の関係ではなく、「人」と「人」としての関係として【心のつながりをつくる】ようにする。自分たちのあり方に共感してくれる人が増えて来たら、お互いによい関係になるような【ファン・コミュニティに育てる】ことに取り組んでいく。,お客さんにとって「同じものが買えるならどこのお店・会社でも良い」ということはなくなり、自分たちのお店・会社を選んで、来てくれるようになる。そのようなつながりがあるお客さんとの絆は、さらに深まると、お店・会社のファンのような存在になり得る関係に発展する可能性がある。こうして、お客さんにとって、心地のよいかけがえのない存在になるとともに、商売・事業も安定して続けていくことができるようになる。,0,3,9
22,22,C1,出会ったらつながる,つながることが、絆づくりのはじめの一歩。,商品・サービスを買ってくれるお客さんがいる。,お客さんを単に「お客さん」というくくりで見るだけでは、それぞれの人のことを認識することができないだけでなく、何かよいお知らせがあっても連絡することができない。,たしかに、近年は個人情報の扱いに慎重になる向きもあり、なるべくお客さんの情報を持たないようにしようという気持ちが働いてしまいやすい。しかし、名前も人柄も知らないままで、心のこもった関係性を築くことはできないだろう。,名前や連絡先などについて、自ら伝えたくなるような企画を考え、その人のことについて教えてもらうようようにする。,連絡先のリストは、こちらが必要だからというのではなく、お客さんにとってメリットや良いことがあることから、自分から喜んで《加わりたくなるリスト》になるように工夫する。また、来てくれたお客さんだけでなく、自らいろいろなところに出向いて、《つながりをつくりに行く》のもよいだろう。また、名刺を渡すようなときも、《興味をもってもらえる名刺》をつくっていると、その名刺をネタに会話がはずみ、印象的に覚えてもらうことができ、次の展開につながるようになるだろう。,お客さん一人ひとりのことを認識しやすくなるとともに、よいお知らせがあるときには連絡することができるようになる。また、連絡がとれるようになることで、《お近づきのアプローチ》ができるようになる。このように、つながることは、絆づくりの第一歩になるのである。,7,3,10
23,23,C2,お近づきのアプローチ,何度か思い出すと、記憶に残るものだ。,《出会ったらつながる》ことで、お客さんに連絡ができるようになった。,こちらがそのお客さんのことをいくら思っていても、しばらく会っておらず、連絡もとらなかった場合には、忘れられてしまう可能性が高い。,こちらにとっては、大切なお客さんであり、また来てほしいと願っていても、お客さんの側からしたら、たまたま行ったお店・会社であってそれ以上のものではないということがほとんどである。時間が経つにつれて、印象や記憶は薄れていってしまうものなので、しばらくすると忘れられてしまうのは無理もない。,不快に思われないようなちょうどよい間隔や頻度で、お客さんとの接点をつくるようにする。,来てくれたお客さんには、《まずは全員へ》コンタクトをするようにする。来てくれたことへの感謝の気持ちを伝えるのである。そして、少ししてから、またコミュニケーションをとってみる。何度か接点を持った際には《思いがけないプレゼント》などを送ってもよいだろう。最初は、出会ってから21日間に3回くらいがちょうどよいと言われている。お客さんへのコンタクトは、遅すぎて忘れられるようなことがないようにしつつ、ダイレクト・メール（DM）をどんどん送りつけるようなかたちにもならないように注意が必要である。最初のお近づきの期間が終わったら、これまでのお客さんと同様の《メインリストへの合流》をするようにする。,ちょうどよいタイミングできたメッセージは、お店・会社のことを思い出し、よい印象や記憶を思い出すことにつながる。また、そこで触れられた話題や、こちらの《ちょっとした自己開示》などから、自分やお店・会社のことにより興味をもってくれるかもしれない。こうして、また行ってみようかな、という気持ちにつながるのである。,7,3,10
24,24,C3,ちょっとした自己開示,まずは自分から知ってもらう。,お客さんにコンタクトをし始めた。,商品・サービスの情報やセールのお知らせばかりでは、単なる広告になってしまい、お客さんとの心のつながりは生まれない。,自分たちが提供している商品・サービスを知ってもらうことは、こちら側の必要性としてはあるかもしれないが、そのような情報は、お客さんにとっては、よくある広告に過ぎない。そういうものばかりが送られてくると、絆をつくるどころか、連絡先を教えたことを後悔し、お店・会社に対して悪い印象を持たれてしまう恐れがある。,お店・会社が目指していることや自分たちのちょっとしたプライベートな情報など、こちらの人となりを理解してもらえるような自己紹介をしていく。,ニューズレターを送るときでも、店頭のボードでも、ウェブページでも、《まずは自己紹介》から始めるとよい。ただし、それは、「自分を知って！知って！」という自己アピールではなく、こちらのことを開くことで、相手の心のガードが解けるような《心が近づくお便り》であることを目指すことが大切である。名刺ひとつでも、自分のことを伝えるような工夫ができる。,お店・会社のこと、そしてそこで働いている人を感じ、知ってもらうことができる。まずはこちらが自己開示をすることで、今後の会話のなかで、相手も同じように自分のことを語りやすくなり、相互に理解が深まり、関係が深まっていくだろう。こうして、人間的な心の通う関係性になり、長く付き合うことができる関係に発展していくことになるのである。,7,3,10
25,25,C4,自分らしい接し方,お客様扱いのコミュニケーションでは、超えられないものがある。,お客さんとのよい関係を築いていきたい。,仕事上の接し方として適切だからと、「お客様に対応する」という姿勢を崩さずにいると、お客さんとの距離は縮まらない。,お客さんに失礼がないようにと意識すればするほど、間違いのない慎重な接し方をしてしまいやすい。しかし、そのような接し方は、仕事上の役割を遂行はできても、お客さんが気を許し、心地よくやりとりできるような近い関係に至ることはできない。,お客さんに対する売り手という立場にとらわれず、自分が一人の人として自然体でいられるような振る舞いをするようにする。,仲間と一緒に過ごしているような、そういう自然体の自分を想像してみるとよい。そして、友達とするような《目的のないおしゃべり》は、お客さんがどのような人で何を考えているのかがわかり、またこちらのことも知ってもらう機会になる。お客さんの様子を見て、ふと《心からしてあげたいこと》が浮かんで来たら、「仕事だから」「お客さんだから」と構えず、自然と行ってよい。何か特別なことをしなくても、《言葉がけひとつでも》、絆は育まれる。徐々に、《馴染みへのステップアップ》をしていき、《長いお付き合い》になるという心持ちで接していく。,単なる売買の関係ではなく、人と人とのコミュニケーションや関係性が育まれ、お客さんとの距離感が近くなる。打ち解け始めると、リラックスした心地よい関係のなかで、お互いのことを知ることができ、よりよい提案をしたり、要望を言ってもらったりできるようになる。こうして、心のつながりに発展し、情緒的な出来事が生まれる準備となる。,8,3,11
26,26,C5,心に残る体験,情緒的な体験を共有すると、心のつながりができてくる。,お客さんとの関係性を深めていきたい。,日常的におしゃべりをするような関係になったとしても、それだけでは、心が通じるような関係には深まっていかない。,お互いに気兼ねなくおしゃべりできる距離感になれば、お互いのことをよりよく知ることはできる。だからといって、それだけでは、この関係が特別だという気持ちにまでは発展しないだろう。,一緒に楽しむイベントを実施したり、心のこもった演出をしたりして、心に残るような体験をともにする。,思い切って、お客さんとの関係を深めるためのイベントを企画してみるとよいだろう。そのときは、店・会社側が一方的に何かを提供するようなものよりも、《お客さんを巻き込む》ようなかたちにすると、一体感や達成感のある体験を共有することができる。また、ただイベントをやるというのではなく、《うちらしいコンテンツ》となるよう心がける。あるいは、イベントを企画しなくても、馴染みのお客さんには《ちょっとした特別感》を演出するなど、日常的なやりとりのなかに色を添えるというやり方もよいだろう。,お客さんと、「商品・サービスを売る・買う」ということを超えた情緒的な体験を共有することで、自分や店・会社などが、お客さんにとって思い入れのある存在になっていくだろう。そうなると、そこで得られる商品・サービスのためではなく、「この人から」「このお店から」「この会社から」買いたいと思ってもらえるような存在になるかもしれない。,8,3,11
27,27,C6,商いにする,つながるだけで、終わらない。,お客さんとの関係性を深めるための取り組みをしてきた。,お客さんとの距離が近くなり、素敵な体験もともにして喜んでもらってはいるが、それが商品・サービスの購入につながっていかないということはしばしば起きる。,イベントを企画・実施して喜んでもらえると、やりがいを感じられ、また、お客さんとの距離や関係がよくなることも満足感が生じるものである。しかし、それだけでは、商売の一環としての活動であることの半分しか達成できていない。,関係が深まったお客さんに対して、適切に商品・サービスをおすすめすることで、商品・サービスを通じた価値の提供にもきちんとつなげる。,商売とは、こちらが提供する商品・サービスの価値に見合う対価として代金をいただくという行為である。それがお互いの《「ありがとう」の等価交換》であることを理解し、変に「商売っ気が出たらいけないのではないか」と思わず、自分たちが提供する商品・サービスでも満足してもらうよう心がける。また、イベントなどを実施したときには、《また来たくなるしかけ》を工夫し、その場だけの関係にならないようにするとよい。,関係が深まったお客さんだからこそ、喜んでもらえる提案をすることができ、よりよい価値を提供することができる。また、商売がきちんと成り立つことで、商品・サービスや、《心に残る体験》の機会などを安定して提供し続けられるようになる。,8,3,11
28,28,C7,うちらしさを育てる,自分たちらしい方向性の先に、広がりができていく。,繰り返し来てくれるお客さんがいる。,いろいろな取り組みをするうちに、やっていることに、一貫性がなく節操がないような状態になってしまうことがある。,一回一回の取り組みは一定の効果を上げたとしても、何でもかんでもやっていると、繰り返し来てくれるお客さんからすると、一貫性のない節操がない店・会社だという印象になってしまうだろう。そのような状態では、「お気に入りのお店・会社」だとよい印象をもってくれる人はいなくなってしまうだろう。,取り組みの内容ややり方を考えるときには、うちの店・会社らしいかどうかを基準にして判断し、それを実践していくことで、自分たちらしさを育てていく。,これまで実践してきたことを振り返ってみると、自分たちらしい個性を認識することができる。また、お客さんから「この店・会社は〇〇なのがいいね」と言われるなど、《まわりからの見え方》の情報は、自分たちらしさを考える際に参考にする。今後何かを決めるときには、その《うちらしいか》を基準に判断していくことで、自分たちらしさが強化されていく。もし今までと目指す方向性が変わってきたときには、《ミッションの更新》をしても構わない。また、定番の方法でも、それが「うちらしくない」と思える場合には、《それをやらない代わりに》自分たちは何をするかを考えるようにすると、新しいアイデアを得ることができるかもしれない。,自分たちらしさを認識でき、自分たちらしい取り組みを次々と展開していくことができるようになる。そうなると、その自分たちらしさに共感・共鳴するお客さんとよい関係を築いていくことができる。そして、それは本質は変わらずに変わり続けるための進化の軸となるだろう。,9,3,12
29,29,C8,魅了し続ける,他にはない特別な存在であり続ける。,自分たちの店・事業を気に入ってくれているお客さんがいる。,今の自分たちを気に入ってくれているお客さんがいたとしても、時間が経つと、その気持ちは冷めてしまうかもしれない。,時代は少しずつ変わっていくものであり、また、同じようなことの繰り返しではお客さんは飽きてしまったりもするだろう。そうなると、これまでよく来てくれていたお客さんも、離れていってしまう可能性がある。,今気に入ってくれたり、応援したりしてくれている人を魅了し続けられるような、軸のぶれない変化・成長を続ける。,《本業の軸》はぶらさずに、様々なことにチャレンジし、いつも変わり続ける。そして、その変化・成長し続ける姿を見て応援してくれるような《ファンと呼び得るお客さん》を増やしていくことを心がける。さらに、そういうファンに喜んでもらうファン・サービスとしては何をするとよいかを考えるのである。自分たちが提供する場が、《つい行きたくなる》ような場になるようにつくっていくのもよいだろう。,すでにある魅力や、気に入ってもらえている良さを失わずに、変化・成長し続けることで、「ついていきたい」と思える存在になっていくことができる。そうやって、自分の店・事業に「ファン」がいる状態は、自分たちの取り組みの自信になるとともに、安定性にもつながる。さらに、変化・成長への理解がある応援者がいることで、自分たちらしい挑戦もしやすくなる。,9,3,12
30,30,C9,ファン・コミュニティ,お客さんたちが、こちら側に来て、一緒に支えてくれる存在になる。,店・事業のことを応援してくれる「ファン」と呼び得るお客さんが増えてきた。,そのファンと自分の間の関係だけでは、お互いの想定を超えるような展開には発展していかない。,自分とファンが1対1でつながっているだけの状態では、自分が働きかけなければ何も起こらないだろう。ファンというありがたい存在も、そのような個別の関係がたくさん増えれば増えるほど、負担も大きく感じてしまうかもしれない。,ファンのお客さん同士が集まって話す機会や、何かに一緒に取り組むような機会をつくることで、ファンが集まるコミュニティが形成され、共鳴や増幅、創発が起きることを促す。,まずファンと呼び得るお客さん同士はお互いに知らないので、まずは、《ファン同士が出会える場》をこちらが企画するとよい。また、単にファン同士の交流というだけでなく、ファンのお客さんたちが、こちらがやろうとしていることに参加してもらい、一緒に取り組むというような、《こちら側に来る機会》をつくるというのもよいだろう。そういう企画を考えるときには、自分たちにもお客さんにもメリットがある《win-winになること》を意識するようにする。,ファンのコミュニティが形成され、自分たちとの絆だけでなく、ファン同士の絆も育まれていく。ファン同士がつながると、気持ちの共鳴が起きて盛り上がったり、ファンたちから新しいアイデアや企画が出てきたりするかもしれない。また、ファンとともに行う取り組みは、新しい仲間が増えるという豊かさをもたらす。こうして、自分たちを応援して、一緒に支えてくれるファンのコミュニティの存在は、精神的な安心感をもたらし、愉しく長く商売を続けていくことができる。,9,3,12
31,31,D0,創発の仲間,お互いの学びをひらくと、加速する。,価値創造マーケティングを実践していきたい。,一人だけで学んで試行錯誤をしていると、理解を深めるのが難しかったり、孤独でつらい作業になってしまったりして、挫折しやすくなる。,。自分の実践について一人で振り返って把握・改善するということは、不可能ではないが、なかなか難しい。また、自分だけでは気づけないことも多々ある。しかも、何かをやってみて、うまくいかなかったときに、孤独を感じると、挫折しやすくなってしまう。,志を共にし、相談できる先輩や仲間のいる環境に身を置き、語り合ったり、励まし合ったりして、進めていくようにする。,まずはそのような場に出向き、他の人の実践や語りに【触れて確かめる】ようにする。そうすることで、これからどのようなことを学び、どんな人になろうとしているのかというのを肌で感じ、【学び続ける力をつける】ことにつながっていく。学びが深まってきたら、今度は他の人に対して、これまでの経験を【コミュニティに還しながら、ともにつくる】ことで、他の人の助けになりながら、自分も新たなステップに進んでいく。,人とかかわりながら学ぶことで、誤解や思い込みを避けることができ、考えを深める機会も増える。また、同じ目標に向かってがんばっている人たちが周りにいれば、自分が前に進んでいくための刺激とパワーを得ることができる。そのような仲間は、商売のことだけでなく、生き方についても高め合う仲間になることが多く、人生におけるかけがえのない存在になっていくだろう。,0,4,13
32,32,D1,場に出てみる,飛び込んでみて、感じることがとても大切。,価値創造マーケティングの実践を始めようとしている。,考えや事例を知っても、自分の実践になかなか一歩が踏み出せないかもしれない。,理解した考え方が本当にそれで合っているのかや、事例を参考に自分で考えてみた取り組みがこれでよいのかなど、不安に思う気持ちが生じ、なかなか実践に踏み出せないことがある。そういう気持ちは、一人でいくら考えても、なかなか払拭しにくいものである。,まずは実践している人たちと会える場に足を運び、自分の思っていることを話してみたり、すでに実践している人たちの話を聞くことで、自分がこれからどうしたらよいのかを考える。,実践している人たちの集まりで、《ここなら行けそう》と思える場を探して、なにはともあれ、飛び込んでみる。集まりの色やメンバーによって、雰囲気やモードが違うので、《好みの場探し》をして、自分に合う場を探すとよいだろう。もしそういう集まりが見つからない場合には、周囲の人に価値創造マーケティングの実践を《始めたことを言う》と、想定していなかった人やつながりから情報が得られたり、仲間が見つかったりすることが多い。,自分がこれから取り組んでいくことをすでに実践している人たちに出会うことで、リアリティを感じたり、孤独ではないと感じたりすることができ、ためになる情報や励ましも得られるかもしれない。また、自分が感じている不安や思いを口に出すと、先輩たちも同じような道を経てきたことがわかったり、そこから次に行くためのヒントが得られたりすることもあるだろう。,10,4,14
33,33,D2,とにかくつかる,どっぷり浸(つか)かると、見えてくる。,価値創造マーケティングについて理解を深めたい。,時間がない、費用がないなどの理由で、接触の頻度や濃度を低くしてしまうと、実践知の習得はゆっくりとしか進んでいかない。,何でも学び始めのときには、考え方だけでなく、言葉や具体的なイメージもつかめていないので、五里霧中で、何がわからないのかもわからないような状態になるものである。概念は相互にネットワーク的につながりあっているので、どこかわかいやすい入口があるわけではなく、それらが全体的につかめるようになるまでは、すっきり腑に落ちない時期が続く。,初めはわからなかったり、できなかったりしてもよいので、とにかく考え方や事例などの情報にできるだけ多く触れ続ける。,まずはどっぷりと浸かって、とにかく情報に触れ続けることを大切にする。事例なども、まずは流し読む程度で《がバッといれる》ことを意識する。読む・見るだけでなく、《目から耳から》いろいろな方法で情報を入れることを考えると、時間がない中でも多くの情報に触れることができる。また、他にもやることがあるなかで、一つに没頭することに抵抗があるときは、「とにかく半年だけは」など、《つかり期間の決め打ち》すると、その期間は集中して浸かることができる。,徐々に理解が深まり、いろいろなことがつながり、意味が見出せるようになるだろう。そうなると、学ぶことが楽しくなってきて、「すごい！」「もっと知りたい！」「ここはどうなってるんだろう？」というように、自分のなかに好奇心が湧いてくるようになる。こうして、自分の理解に自信を持てるようになり、実践したいことも見えてくるだろう。,10,4,14
34,34,D3,リアルに感じる,事例を生んだ人たちに出会う。,価値創造マーケティングを実践しようとしている。,実際に自分が実践して効果が出るというイメージがいまいちつかめず、実践に踏み出すことができないかもしれない。,考え方を理解し、大切だと思い、事例も魅力的だと感じていても、これまでの自分の商売の経験と照らして、どこか心のなかで本当のことだと思えなかったり、そこまで効果があるとは信じることができなかったりするかもしれない。,周囲ですでに実践している人や、事例に出てくる人のことを知り、リアリティを感じるようにする。,自分がすごいと思う事例の人と会えそうな場に出向いてみたり、人づてで紹介してもらったりするとよいだろう。あるいは、事例を紹介するビデオを見るのでもよい。実際に知ってみると、ものすごく実績を上げている人も、伝説的な事例をつくった人も意外と普通の人で、《すごい人もただのおじさん》だと感じたりするものだ。また、そういう人たちが、その成功に至るまでに行ったいろいろな試行錯誤や、実践を重ねた故に見えてくる世界について、話を聞くのもよいだろう。こうやって、これまで自分が知っていた商売の世界とは一味違う、《商いの別の顔》を垣間見るのである。,自分と同じような状況の人が、試行錯誤を重ね、実績をあげているということのリアリティを感じると、自らの実践への意欲が湧いてくるだろう。また、実践を重ねている人たちの楽しそうな様子を見ると、自分が実践を重ねたあとに、その仲間入りをするんだと思うと、ワクワクしてくるかもしれない。,10,4,14
35,35,D4,語り合い高め合う,外化すると見えてきて、話してみると創発が起きる。,自分なりに実践をしている。,一人で実践を続けていると、自分の間違い・勘違いに気づかなかったり、発想が出にくくなったりしてしまう。,自分がそうだと理解し、思い込んでいることを、自分で認識し、修正していくということは難しい。また、実践がうまくいくほど、その成功に囚われて、新しいアイデアを思いつかなかないということも多い。,自分のやっていることや考えていることを、先輩や仲間と語り合うことで、新たな気づきを得る。,思考を深めたり、新しい考え方を得たりしようとしているときには、頭の中であれこれ考えているだけではなく、《話すことによる気づき》は大きな力となる。また、実践している人から聞く話は、《工夫の宝庫》だと捉え、どんどん聞き、また逆にどんどん話すようにする。そのときには、《理論の言葉を使う》ようにするとよい。さらに、この価値創造マーケティング・パターンは、このような語り合いを支える共通言語になる。,書いたり話したりすることで思考が整理され、それまでの取り組みや学んできたことに関する理解を深めることができるとともに、他の人からの話は新しい発想や刺激となるだろう。ともに高め合い学び合う仲間同士で、コミュニティ全体でレベルアップしていくことができ、そのような仲間たちは、人生における大切な存在となるだろう。,11,4,15
36,36,D5,源泉に触れ続ける,自分が持っている知識は、もはや古くなっているものかもしれない。,日々、試行錯誤しながら実践を続けている。,以前知って理解したことのなかには、もはや情報としては古くなり、もっとよい方法や表現に更新されているかもしれない。,価値創造マーケティングの考えと方法は、時代状況やたくさんの実践事例、関係する学問の発展などによって、絶えず更新され続けるものである。そのため、一度理解したと思ったことでも、その考え方や方法は、よりよい内容や表現に変わっていることがあり、学び続けることが不可欠となる。また、自分なりの実践を重ねているうちに、自己流になって、本質からズレていってしまうこともあるので、注意が必要である。,更新・進化した考え方や方法を知るために、信頼できる情報源からの最新情報に積極的に触れ続ける。,そのため、信頼できる情報源からの発信をしっかりフォローし、積極的に触れ、自分の理解をアップデートしていくことを心がける。自分だけでは理解が難しいところは、《マスターによる解説》をしてもらう機会をつくったり、一緒に学び合う場を設けたりして《正しい理解へのこだわり》をもって学ぶようにするとよい。,時代遅れの考えや方法のまま実践を進めてしまうことなく、そのときどきで最もよい実践ができるようになる。また、自己流になってズレてしまった考えを補正することもできる。まったく同じ情報に触れるだけでは、理解が深まることはないが、同じようなことを、別の表現で知ることは、理解を深めることにつながるので、このような最新情報の取り入れは、付加的なものではなく、本質的なところで効果をもつ。,11,4,15
37,37,D6,自信のチャージ,進み続ける勇気と安心をもらいにいく。,実践を続けていく中で、このままでよいのか、不安になることがある。,不安なまま続けていても、精神的につらく、また、自信を持てていないことから、取り組みもうまくいかなくなる可能性がある。,ぐっとこらえて実践を重ねるべきときなどに、「このまま続けても結果が出ないのではないか」、「自分には向いていないのではないか」などと、不安に感じることはあるだろう。特に現場で一人で推進しているときなどは、周囲にも相談できずに、自分だけで抱えてしまうことがある。,先輩や仲間に会う機会を活かし、自分のやっていることや不安に思うことを話して、反応をもらったり、他の人の頑張りを聞いて勇気をもらったりする。,不安で元気がないときだからこそ、実践者たちの集まりに出向き、《ひとりじゃないということ》を実感しにいくとよい。そこには同じような志を持ちながら不安や悩みを抱えた仲間や、それを乗り越えた先輩たちがいるはずだ。そこで、自分たちの不安に思うことを語り合うだけでも、一人ではないことを感じて、パワーをもらえるだろう。しかも、自分では不安に感じていた取り組みに対して、《先輩の太鼓判》をもらったりすることもある。,がんばっているのは自分だけではないと思えることで、前に向かう力を得ることができる。また、先に進んでいる先輩からの励ましや太鼓判は、この先に進んで行くための、何よりの安心材料ともなる。大きな成果はいきなり達成できるものではなく、地道な努力によって成し遂げられるので、挫折しそうになるときは誰にでもあるが、このように助け合っていくことで、大きな成長へとつながっていく。,11,4,15
38,38,D7,伝えながら育つ,後輩に伝えていくことで、新たな気づきが見えてくる。,実践をかなり重ね、実践者として手応えを得られるようになってきた。,取り込むべきことはすべて取り込み、実践を重ねていると、事例などを知るだけでは、自らの思考や理解を深めることができなくなってくるだろう。,実践し始めたときから、これまで、重要な考えに触れ、たくさんの事例からさまざまな学びを得てきただろう。そのなかで、多くの先輩や仲間にも支えられ得てきた。その結果、いまの自分がある。こういうレベルに達すると、もはや何か追加的な情報を得たところで、自らの実践に本質的な効果をもたなくなってしまう。,自分がやってきたことを振り返り、後輩となる実践者たちに伝えていくことで、自らも更なる進化へと進んでいく。,。これまで、先輩の実践者たちから、いろいろな学びや刺激や勇気をもらってきただろう。今度は、それと同じように、自分が後輩に伝えていく番である。自分の経験を伝え、《コミュニティへの恩返し》をする。また、これまで実践を重ねて成果を上げてきた《生き証人》として、多くの後輩たちが前に進むための参考になるようにする。そうするなかで、説明したり、質問に答えたりするなかで、自らの考えを深め、研ぎ澄ましていく。,どのようにすればわかりやすく説明できるかを考えたり、後輩たちの疑問に対する答えを考えたりしていると、改めて本質が見えてきたり、よりよい表現に行き着いたりするだろう。また、これまでやってきたことを振り返ることで、自分の成長や軌跡を俯瞰することができ、自分のやってきたことへの誇りを感じる機会にもなる。このように、実践者コミュニティへの貢献となるだけでなく、自分をさらに一段上へと上げることにもつながるのである。,12,4,16
39,39,D8,巻き込み広げる,仲間が増えると、できることも広がっていく。,自分の店・事業で、実践の成果を安定的に出せるようになった。,自分の店・事業の状況がよくなればなるほど、周囲の苦しい状況が気になってしまい、なんとかならないかと心を痛めることがある。,自分たちの実践によって関係性や場の質が上がると、相対的に周囲のことが目についてしまうものである。「それはやっちゃだめだよね」とか「こうしたらよいのに」と、問題点や改善案が見えてくることもあるだろう。かつての自分を見ているようで、しかし、自分は口出しする立場にもないと思うと、その気持ちや思いを抑え込み、つらく感じてしまうかもしれない。,地域の人や業界の仲間にも価値創造マーケティングの考えを共有し、一緒に取り組んだり、支え合ったりすることで、周囲も含めて全体的によりよくなるように活動を広げていく。,自分の店・事業の状態に興味を持ってくれる人がいれば、どのような考えのもと何をやっているのかを紹介するようにする。また、地域や業界の《既存のコミュニティとつながる》ことで、一緒に取り組む人が見つかるだろう。そのときには、《共感の確認》を必ずするようにする。そうして、実践仲間とSNSなどでつながりながら連動の企画をするなど、店・会社の魅力を大きな活動をつくっていくことができるようになる。,実践する仲間が増え、地域や業界の全体の魅力が上がるだろう。他の店・会社も共創関係として、地域や業界の全体の質を高めることができるのである。このことは、そこにある個々の店・会社も底上げされるということになり、それぞれにもメリットがある。このような展開に至ると、仕事のより大きなやりがいをもたらし、豊かな人生につながることになるだろう。,12,4,16
40,40,D9,終わりなき道,価値創造マーケティングという「あり方」を極める。,かなりの実践を重ね、成果もたくさん生み出してきた。,もう自分はマスターしたと思い、学ぶことを止(や)めてしまうと、そこまでで止(と)まってしまう。,実践によって確実に効果が出せるようになると、「もうよくわかった」と思い、これでよいと思う気持ちが出てくるものである。しかし、時代は動き、周囲を含む世界は変化していく。そして何より、生きるとは変わり続けることである。そのため、学ぶことを止めるということは、先に進まず、そこに止まるということを意味するのである。,新しい世界をどんどん切り拓き、人間性も高め続けている魅力的な仲間たちとともにいる幸せを噛みしめながら、商人としても人としても、自分を磨き続ける。,価値創造マーケティングで大切にしていることの本質は、商売のテクニックではなく、人との付き合い方や世界の捉え方である。それゆえ、自分らしく実践をしたことによって、お客さんに喜ばれ、仕事にやりがいを感じ、売り上げにもつながるという循環が続くと、《生き方と商売の融合》が感じられるようになる。こうして、商売をよりよくしていくことは、《人としての成長》につながっていくのであり、またその逆も然りである。,商売が人生を豊かにし、人生が商売を豊かにするだろう。学び続けようという姿勢は、傲慢にならず、今の自分に謙虚であるということにつながり、人間性としても深まっていく。そのような境地に達した素晴らしい仲間たちや、自分たちに続く後輩たちとともに歩みを進め、道を極めていくということは、「生きる」ということにほかならないのである。,12,4,16