id,pattern_index,pattern_no,pattern_name_ja,summary_ja,context_ja,b_problem_ja,problem_ja,b_solution_ja,solution_ja,consequence_ja,unit_no チャートにしたときに軸に紐づくか入れてください。,category_id 紐づくカテゴリーのIDを入れてください。,group_id 紐づくグループのIDをいれてください。
1,1,A0,実践体得,試行錯誤しながら理解を深め、 身につけていく。,自分たちの店・事業・仕事で、価値創造マーケティングを実践してみたいと考えている。,本を読んだり話を聞いたりしただけでは、自分で実践できるような理解に至ることはできない。,“実践知”は、誰かが教えてくれる知識を受け取って覚えるという学び方ではなく、自らの実践のなかで体得する必要がある。そのため、理論や事例は、あくまでも自分の実践のための補助に過ぎないと捉えるべきである。,理論や事例を参考にしながら自分で実践していくことで、自分なりの答えを見つける力をつけるようにする。,習得のためには、まず 【一歩踏み出す】 ことが不可欠である。そして、理論や事例を学びながら、【自分なりに実践を重ねる】 ように心がける。ある程度の成果を出していけるようになったら、一つひとつの実践だけではなく、より大きな仕組みや系などに目を向け、【本質を捉えて動く】 ことに挑戦していく。自分の実践こそが、自分にとっての最高の教材であると考えるとよいだろう。,自分で実践できる力を身につけ、結果を出し続けていくことができるようになる。こうして、お客さんの 《心を動かす》 ことができ、お客さんにとって 《特別な存在》 になることができるようになると、商売も人生も充実したものになっていくだろう。,0,1,1
2,2,A1,まずは動く,やってみなければ、 何も始まらない。,価値創造マーケティングを実践してみようと思っている。,内容を完全に理解したり、完璧な体制・環境を準備したりしてからと思っていると、なかなか始めることができない。,実践知は、実際にやってみて 《実践体得》 しないと、理解が深まらないものである。そのため、しっかりと頭で理解してから始めようと思っても、そのときはいつまでも来ないので、結局何もできず、理解も深まらないということになってしまう。また、実践するための体制や環境を先に整えようと思っても、それが叶わず、始められないということが起きやすい。そうやって、計画ばかりしているという状況から前に進めないということは多い。,まずは、今の自分にできそうなことを見つけ、どんどん動いていくようにする。,とにかくまずは〈ピンとくるもの〉を見つけて、動き始めてみるようにする。コストや組織内のルールなどが制約になり、やりたいことができない場合には、その制約のなかでも 〈できる範囲のこと〉 を少しずつやっていくようにする。できることを考えてもよくわからない場合には、〈先輩への相談〉 から始めて、実践のヒントを得てみるとよい。,動き出し、実際の取り組みを始めてみると、目の前で変化が起きてくるので、次にやりたいことや、やるべきことなどが見えてくる。うまくいかなくても、それは学びにつながるので、恐れることはない。やってみると、やる前に感じていた不安は消え、実践していくことに積極的になっていくだろう。こうして実践を重ねていくことで、学び続けることができるようになっていく。,1,1,2
3,3,A2,まねぶ,「真似る」ことで「学ぶ」。,これから実践に入ろうとしていたり、少し実践し始めたりしている。,自分ひとりで考えてしまうと、成果につながる案を思いつける可能性は極めて低くなってしまう。,自分でやってみようという気持ちでゼロから考え、最初からオリジナリティを求めてしまうと、右も左もわからない状態のなか、どうしたらよいのかが見えてこないだけでなく、仮に実践しても、実践の効果や理解は得られにくいだろう。,他の人の成功している実践事例のなかから、気に入ったものやできそうなものを選び、まずはほぼそのまま真似してみることから始める。,まずは事例を眺め、真似したいと思うもの・これならできそうだと思うものを探してみる。事例は、自分と同じ業種だけから探すのではなく、〈業種・業態を超える〉 視点をもって探すとよい。選んだ事例のやり方のなかで、自分の商品・サービスや、店・会社と合わない部分がある場合には、〈自分の場合への置き換え〉 をしながら真似するようにする。自分が良いと感じる実践をしている人や店・会社など、〈なりたい人探し〉 をするのもよいだろう。,自分が考え出したものでなくても、自分の気持ちが動いたことから実践していくことで、自分の感性に合った取り組みで、歩みを進めることができる。成功している事例を真似することで、成功の確率が上がり、取り組みが成果につながる感覚を味わいやすくなるだろう。しかも、想定していたものと異なる結果になったときにも、真似をした元の事例と比較検討することで、自分の取り組み方について振り返り、改善することにつなげやすくなる。,1,1,2
4,4,A3,起きている変化,お客さんの行動に どんな変化が起きただろうか？,何かの実践をしてみた。,実践の効果を評価するときに、売り上げしか見ていないと、取り組みがもたらした効果を捉え損ねてしまう。,商売である以上、売り上げに意識が向くのは、自然なことである。しかし、取り組みがいきなり売り上げに目に見える変化をもたらすとは限らないので、それだけを見ていると目の前で起きている変化に気づけなくなってしまう。そうして、「効果が出ない」と判断し、実践をやめてしまっては、せっかくの成長への道を途中で降りることになってしまう。,実践した取り組みや働きかけの効果を確認するときには、お客さんの反応や行動がどのように変わったかに着目する。,まず、お客さんの 〈行動の変化〉 を見逃さないようにし、店やお客さんの 〈空気の変化〉 も感じ取るようにする。それらは、目指す変化が始まっているということの表れである。それらの変化がわかるようになると、実践を始めたことによる〈自分の変化〉 も感じることができるだろう。実践を始めてから変化が起きるまでに時間がかかることもあるので、変化が起きるまでの 〈時間差の織り込み〉 もしておくようにする。一部の人からネガティブな反応が来るかもしれないが、必要な調整・改善はするとしても 〈へこまず続ける〉 ようにする。,普段なら見過ごしていた、お客さんの行動や空気が変わっていることに気づくことができるようになる。それまで数字ばかりを見ていた人には、今までとはまったく異なる視点で物事を見られるようになるため、視野が広がり、発想も柔軟になっていくだろう。取り組みの結果を適切に捉えられるようになると、今回はどうだったのか、次にどうするかという検証も適切にできるようになり、実践の精度を上げていくことができる。,1,1,2
5,5,A4,考えながら繰り返す,「なぜ」を問い続けると、 勘所がつかめてくる。,いろいろと実践を重ねている。,単に実践しているだけでは、その効果は得られたとしても、その効果がどうやって起きているのかはわからず、実践の勘所をつかむことはできない。,何か取り組みを行えば、その効果や手応えを感じることはできる。しかし、その結果がなぜ起きたのかを理解しなければ、その実践についての理解は深まらず、実践の勘所はつかめないままで、次の展開につなげていくことができない。,何か取り組みをするときには、そうする理由を考え、結果が出たときには、なぜそれが起こったのかを考えることで、「こうしたら、こうなる」という感覚を磨いていく。,ただやみくもに実践するのではなく、〈なぜそれをやるのか〉 をきちんと考えるようにする。また、結果を振り返り 〈なぜそうなったのか〉 を考える。時間をかけて何度も実践をしていくときに、頭の中だけで考え続けて思考を深めることには限界があるので、〈考えるための書き出し〉 をしてみるとよい。実践をしたのに、変化が何も感じられないときは、〈反応がないことも反応〉 だと捉えて、反応がない理由を考え、次に活かすようにする。,「実践をすると結果が出る」という経験から、「働きかけて結果を生み出す」という感覚に変わり、自ら変化を起こすという勘所がつかめるようになる。この実践をしたら、こういうことが起きるだろうと、ある程度予想ができるようになってくると、取り組みについて吟味・判断するときの精度が上がり、成長が速まる。このように「なぜ」を考え続けることは、いずれ必要になってくる《本質をつかむ》 ことへの土台となり、効果的に 《実践体得》 しやすくなる。,2,1,3
6,6,A5,オリジナルな取り組み,変化が生まれて来たら、 自分なりの工夫を入れていく。,いろいろな取り組みにチャレンジしてきて、ある程度手応えを感じるようになってきた。,他の人の事例から 《まねぶ》 ことは、ある程度の成果を生み、手応えを感じられるものの、そればかりでは自分の店や会社らしい取り組みをつくっていく力は身につかない。,たしかに、他の人が実際にやって効果があったものというのは、導入するときに安心感があり、また実際に成功しやすいだろう。しかし、他の人がつくった事例のやり方をアレンジする経験だけでは、自分の店や会社らしい発想で取り組みをつくるという力を磨いていくことはできない。,自分ならではのアレンジやオリジナルの取り組みを少しずつ実践に織り混ぜて、自分たちらしく進化させていく。,自分ならではの新しさを考えるときには、日頃面白いと思っていることややってみたいと思っていることなど、自分の 〈好きを入れていく〉 とよい。そのとき、いきなり大々的に始めるのではなく、〈小さく始めて反応を見る〉 というのもよいだろう。また、業種・業態の常識から考えると「唐突」だと思って躊躇してしまうことでも、お客さんからは反響があり好評であることもあるので、〈唐突でもよい〉 と考え、思い切ってやってみるのもよいだろう。,取り組みに自分らしさを入れ込んでみると、真似だけをしているときよりも、やってみたいと思えることが浮かびやすく、実践が楽しいと感じやすくなる。また、自分で考えようとすることで、事例を見る目がこれまでと変わってくるため、事例の裏にある本質やロジック、事例同士の共通項などに気がつけるようになるだろう。,2,1,3
7,7,A6,飛躍の前の伸び悩み,いま伸び悩んでいるのは、 ここから一気にレベルが上がる前ぶれである。,いくつもの実践が個々に成果を上げている。,なかなか目指している状態に至らないので、伸び悩みを感じ、自分自身やこの方法の限界なのではないかと考えてしまうことがある。,先が見えないチャレンジは、なかなか辛いものである。そういうとき、「この方法は自分の業界には向かないのではいか」とか「自分に合わないのではないか」など、できない理由を探して自分を納得させようとしがちである。そういうときに他の人がすごい成果を上げていると聞くと、気持ちが焦って、ネガティブなスパイラルに陥って、もうやめようという気持ちが強くなってしまうかもしれない。,伸び悩んでいると感じるときは、今は実践知習得のS字カーブの上昇の手前にいる時期なのだと捉え、そのまま地道に実践を重ねていく。,今足踏みをしているように感じているのは、 〈悩みのレベル〉 が上がったからかもしれない。そういうときは、何か新しいことやレベルの高いことをしようとするのではなく、〈そのまま続けていく〉 ことが大切である。とはいえ、ずっと走り続けるのがつらければ、〈たまには休んでもよい〉 と考え、充電の時間を持つのもよい。先輩たちの話を聞いて 〈この先にある世界〉 を感じると、このあとS字カーブ状に習得が進むことがわかり、安心して取り組んでいくことができるだろう。,自分の状況を正しく認識し、あきらめずに実践を重ねていくことで、ある日突然飛躍が起こり、霧が晴れるように見える世界が一気に変わり、それに伴い、結果も変わってくる。また、ここを乗り切ることで、実践知を習得していくことの感覚や自信が得られ、今後も壁を越えていける精神力をつけることができる。こうして、より大きな成果を生み出すことにつながっていくのである。,2,1,3
8,8,A7,本質をつかむ,意図して結果をつくれるようになると、 成果が持続するようになる。,一つひとつの取り組みは成功することが増えてきた。,結果は出せていても、出ている結果を意図的につくることができていないと、別の状況で再現したり、展開したりすることができるようにならない。,ただ実践しているだけでは、いつまでたっても、そこで起きていることのメカニズムを深く理解して、次に活かすことができない。また、それを説明したりすることもできないままである。,成功事例において、何がどのように効いて効果が出たのかというロジックを、理論を踏まえて捉えるようにする。,実践知の理解を深めるためには、理論の理解だけでも実践だけでもだめで、〈理論と実践の往復〉 をしながら考えていくことが大切となる。この往復をしていくことで、実践で起こったことの本質を捉えられるようになり、応用する力も得ることできる。他の人の事例に触れるときにも、〈事例の本質〉 をつかむようにする。ある程度の成果が出せるようになってきたら、以前触れたものであっても 〈同じ理論に何度でも〉 触れるようにすると、新たな気づきを得ることができる。,意図して結果をつくることができるようになり、別の状況で再現したり、さらに大きく展開したりすることもできるようになる。このような力が身につくと、あらゆるものが事例として見え、アイデアの種も日々増えるようになる。そうすると、成果と成長が持続するようになり、将来に対する不安もなくなっていく。,3,1,4
9,9,A8,全体のつながり,流れが途切れたり、 滞ったりしているところは、どこだろう？,個々の取り組みがうまくいくロジックもつかめるようになってきた。,個々の実践は成果を生んでいるが、自分で大きくビジネスを動かせているという感覚が持てないことがある。,例えば、お客さんに商品・サービスを買ってもらうことはできたとしても、そのお客さんが店・会社のファンになるまでの過程のなかで、途中でうまくフォローできていない部分があったり、滞りがあったりして、全体としてうまく流れていかないということがあるかもしれない。そういう状況では、全体のハンドルを握っているという感じは持てないだろう。,お客さんの心が動き、長く続く関係に発展していくような流れが途切れずにつながっていくように、全体の仕組みに目を向ける。,全体的な流れを捉えるときには、いろいろなところに 〈実践の散りばめ〉 をして、それらの間のつながりを考えると、流れがつかみやすくなる。そのとき、お客さんの《心を動かす》 ことと、《特別な存在》 になるということの両面から考えていくことが重要になる。そのなかで、足りない要素が見えてきたら、〈ミッシング・ピースを埋める〉 ような施策を考える。,お客さんの行動やお客さんとの関係の発展がスムーズに流れていくために何が必要かがわかり、次にやるべき取り組みが見えてくる。一度、その全体の仕組みが見えると、その後の新しい取り組みは、全体の仕組みとの関係で位置づけて考えられるようになり、実践の精度が上がっていくだろう。そうすると、自分がハンドルを握って、全体を動かしているという感覚がもてるようになる。,3,1,4
10,10,A9,系の感覚,世の中は、 「系」（システム）としてできている。,自分たちの実践を通じて業績が上がり、手応えも感じている。,見えている範囲のさらに外に広がっている世界における物事のつながりを捉えていない状態では、自分たちが成し遂げていることをきちんと理解していないということになる。,世の中のすべての物事はつながっていて、その関係性や相互作用で世界が成り立っている。そういうことが見えていないと、今はうまくできていても、将来歪みが生じたり、本来なら受け取れるものも受け取れなくなったりしてしまう。,自分が取り組んでいる商売の世界は、いろいろな物事がつながって、ひとつの「系」（システム）として存在し、そこで連鎖・循環が起きているという認識をもつ。,自分の周囲にあるより広い範囲のつながりを感じ、想像力を用いてその 〈目には見えないネットワーク〉 を思い描くことで、そこに、「系」（システム）があると捉えるのである。系が見えてくると、部分的な影響だけではなく、どのような相互作用や波及効果をもち得るのかがわかるようになる。そうなると、系のなかでの 〈意外な影響要素〉 や効果の連鎖、良い循環を生み出すためには何をすればよいかが見えてくるだろう。,すべてがつながって動いているということに気づき、「世の中はこうやってできていたんだ！」と、世界の見え方が変わる。そうなると、系に働きかけ、循環を促すことができるようになる。そして、大きな判断も迷いなくすることができるようになり、次第に自分らしい商売・事業が「揺るがないもの」となって、安定的に動き続けるようになっていく。そうなると、周囲に生かされながら生きているという謙虚な気持ちも持ちながら、愉しく仕事を続けていくことができるようになる。,3,1,4
11,11,B0,心が動く,「売ろう」とするのではなく、 「買いたい」という気持ちが起こるように働きかける。,なかなか売れ行きが良くならない。,売れ行きが良くない理由を、扱っている商品・サービスの力や価格などの問題だと捉えてしまいがちである。,たしかに商品・サービスの良さが売れ行きに影響するのは事実だが、それだけを理由にしていると、商売やビジネスの改善は難しい。また、単に価格を下げても、結局は、商売やビジネスそのものを苦しい状況に追い込んでしまうだろう。同様に、店舗の立地や業種などを要因と捉えてあきらめてしまっても、何も変わらない。,商売やビジネスとは、単に商品やサービスを「売る」ということではなく、その価値を伝えることで、お客さんの心が動き、「買いたい」と思ってもらうことだと理解する。,つまり、「そこにある商品・サービスが売れる」のではなく、「その商品・サービスを買いたいと思った人が、それを買う」という出来事だと捉えるのである。それを起こすためには、まずは、【知ってもらう】 必要があり、その上で 【価値を伝える】 働きかけをする。さらに、商品・サービスの先にあるお客さんの 【幸せをもたらす】 ということに焦点を当てていくとよい。,商売やビジネスの根本である「売る」ということを正しく捉えた上で、様々な工夫を成果につなげていくことができるようになる。その結果、行う取り組みが成果につながりやすく、売り上げ、ひいては商売・ビジネスを安定させていくことにつながっていく。また、この考え方をできるようになることで、どのような商品・サービスであっても、その価値を見出し、魅力的に伝えられるようになるため、今の領域にとどまらず、商売・ビジネスを広げていくことができるようにもなるだろう。,0,2,5
12,12,B1,存在のアピール,発見されなければ、 何も始まらない。,商品・サービスを提供している。,こちらが思っているほど、店・会社の存在や、どのような商品・サービスを扱っているのかということは、認識されていないことが多い。,自分たちは、自分たちの店・会社がここにあることをよく知っているし、商品・サービスについても手に取るようにわかっているので、それは明らかなことであると思ってしまいがちである。しかし、そこに建物があったり、商品が棚に並べてあったり、メニューに書いてあったりしても、それをお客さんが認識しているかは別問題である。形のないものを売っているときには、より認識されにくいだろう。,店・会社が存在するということや、このような商品・サービスがあるということに気づいてもらえるように、まず、「ある」ということをきちんと発信する。,夏になると、「冷やし中華あります」という貼り紙を見かけるが、それがここでいう発信のわかりやすい例である。それに限らず、ずっと前から棚に置いてあったり、ウェブサイトにあったりした商品であっても、それを「売っています」ということを 〈あえて言う〉 ことが必要である。店の存在についても、そこにあれば目に入れてもらえると思うのではなく、看板などで 〈あえて言う〉 必要がある。,まず、「ここにある」「これを売っている」ということがお客さんに認識され、その事実に気づいてもらうことができる。それによってはじめて、買うかどうかの検討の土台に乗せてもらうことができ、「買ってもらう」ことに向けての第一歩を踏み出したことになる。これをしっかり行うことができるようになると、どう発信するか、何を伝えるかという試行錯誤が、ようやく実を結ぶようになってくる。,4,2,6
13,13,B2,気になるしかけ,「お、なんだ？」 気になると、自然と身体も動き出す。,商品やサービスについて、お客さんに伝えたい。,商品・サービスについて情報を発信していても、素通りされてしまいがちである。,もともとその商品・サービスに関心がある人は、それほど働きかけなくても、その商品・サービスの購入を検討してくれるものである。しかし、より知ってほしいのは、これまで特に関心がなかったという多くの人たちだろう。そういう人に対しては、こちらがどんなにうまく魅力的に説明を用意したとしても、読むという労力を容易には払ってくれないものである。,目に入った瞬間に、「なんだろう？」 「おもしろそう」と興味が湧くように、伝える内容や伝え方を工夫する。,まず、何かを伝えるときには、〈背景に埋もれない存在感〉 があるようにして、〈目にとまりやすい位置〉 で発信するのが基本である。その周辺の景色に埋もれてしまっては、見たり読んだりしてもらえないからである。そして、商品・サービスについて紹介するときには、〈興味を引く言い方〉 や 〈ビジュアルでアイ・キャッチ〉 することを意識してPOPや看板をつくったり、Webページ上での表現を工夫したりするとよい。,もともとその商品・サービスに興味がなかったお客さんにも、目を向けてもらい、興味を持ってもらうきっかけをつくることができる。もしその内容が気になるものであれば、関心が生まれ、その商品・サービスをより知ろうという行動につながっていく。こうして、もともと関心があったお客さんだけでなく、関心がなかったお客さんにも、その商品・サービスの価値を伝えていくことができる。,4,2,6
14,14,B3,行動のガイド,いま何をしてほしいのか、 あえて具体的に伝えてみる。,《存在のアピール》 や 《気になるしかけ》 によって、お客さんが商品・サービスに気づき、興味をもってくれた。,興味を持ってくれたとしても、なかなか次の行動にはつながらず、その興味は流れてしまいがちである。,こちらが「〇〇してほしい」と思っても、心のなかで願っているだけでは、それが実際に起こることはまずない。また、お客さんが次の行動に進もうと思っても、本当にそれをしてよいのかがわからず躊躇してしまうことがある。そうなると、そのまま通り過ぎたり、別のことを考え始めたりしてしまうだろう。,実現したいことを起こすためには、お客さんがどのような行動をとる必要があるかを考え、その行動を具体的に伝えるようにする。,例えば、前を通りかかった人が見えるような場所に「〇〇なので、まずは入ってください」と書いたり、「商品を手に取ってみてください」と書いたりするなど、〈具体的に伝える〉ようにする。また、「お一つからどうぞ」や「見るだけ大歓迎」というように、歓迎される行動を〈どうぞメッセージ〉として伝えると、お客さんは行動を起こしやすくなる。そのような取り組みをしても変化が起きないときには、お客さんの立場に立って〈行動できるかチェック〉をして、修正・調整をする。以上のことは、店舗だけでなく、Webサイト上でも同様である。,店に入ったり、商品を手に取ったりというような、こちらがお客さんにしてほしいと思う行動を実際にしてもらえるようになる。あるいは、Webサイト上では、お客さんに読んでほしい情報に行き着いて読んでもらうことができる。こうして、商品・サービスの価値を伝えて、そこから行動につながるという流れを実現することができる。,4,2,6
15,15,B4,価値の掘り起こし,この商品・サービスは、 お客さんにどのような価値をもたらすのだろうか？,商品やサービスについて紹介しようとしている。,商品名や仕様（スペック）、価格などをいくら説明しても、お客さんの心が動くことはない。,商品・サービスについて紹介するとき、商品名や仕様（スペック）などの属性や価格などを説明しようと思いがちである。しかし、それらの情報が、ほしいと思う気持ちを引き起こすことはあまりないので、手に取ってみたり買ったりする行動への動機にはなりにくい。,その商品・サービスを手にすることで、お客さんの生活にどのような良いことがもたらされるのかを考え、それを伝えるようにする。,商品・サービスの価値を考えるときには、まず、「これによって、お客さんの生活に、どういう良いことが起きるだろうか」 「お客さんのどういう困りごと・問題を解決できるだろうか」というように、どのような 〈心の充足とお悩み解決〉 に寄与できるのかを考えてみるとよい。そういうときには、お客さんの 〈生活全体のイメージ〉 へと思いを馳せることが重要となる。そのためにも、自分の店・会社のお客さんを観察したり話をしたりするなかで、〈うちのお客さん像〉 を把握しておくことが不可欠である。また、商品・サービスの背後にある 〈つくり手の想い〉 に着目することで、価値を見出していくこともできる。,お客さんが、商品・サービスが自分にどのような価値をもたらしてくれるのかを知ることで、その商品・サービスについてもっと知りたい・ほしいと思うようになるだろう。これができるようになると、自分たちの扱う商品・サービスの価値を高めて提供できるようになるので、それらをほしいと思う人・買う人を増やしていくことにつながる。,5,2,7
16,16,B5,惹き込む伝え方,「それ、ほしい！」 という気持ちが生まれるように。,商品・サービスの価値を、お客さんに伝えたい。,その価値について、大切なことがきちんと伝えられていなかったり、よくあるような表現にすり替わってしまったりして、お客さんの心に届かないということがしばしば起きる。,せっかく 《価値の掘り起こし》 で価値がつかめているのに、それを伝えようとするときに、つい、よくある商品説明になったり、商品・サービスの名前を大きく書いて強調したりしてしまうことがある。また、きれいにかっこよくまとめようとして、気がつかないうちに、これまでに広告などで見たことがあるような紋切り型のフレーズになってしまうということもある。つくり込んでいくうちに、それを初めてみるお客さんにとっては、わかりにくい情報になっているということも起きるだろう。そうなると、価値は伝わらず、お客さんの心が動くということもない。,「もっと知りたい！」 「欲しい！」と直感的に思ってもらえるように、内容や順番、手段、情報量などを考え、情報をデザインして伝える。,商品やサービスについて伝えようとするときに、意識すべきことは、商品名などではなく、まず 〈価値から伝える〉 ということである。また、そのときには、〈直感的なわかりやすさ〉 を大切にする。パッと見で、目にとまり、直感的に理解できるかどうか、お客さんになったつもりで、実際に自分で確かめてみるとよいだろう。,その商品・サービスの価値を、きちんとお客さんに伝えることができる。もともと興味をもっていなかったお客さんにも価値が伝わるので、より多くの人にその商品・サービスのもたらす価値を味わってもらう機会を提供することができるだろう。,5,2,7
17,17,B6,「買う」への橋渡し,「買いたい」の気持ちを 行動につなげる支援。,お客さんが、ある商品・サービスを「買いたい」と思っている。,その商品・サービスについて少しでも不明な点や不安に思うことがあると、ためらいが生じ、「買うのはやめておこうかな」という気持ちに変わってしまうことが多い。,直感的に価値を感じていても、その商品・サービスに対して、疑問に思うことがあったり、選択肢のなかから選ぶことが難しかったりすると、購入には至らないことがある。例えば、「これは何人前なのか」や「この３つのなかで、どれを選べばよいのか」がわからないと迷いが生じ、購入へと踏み切れないものである。,その商品・サービスを買うという判断をするために、説明が不足していたり不安が残らなそうかを先回りして探し出し、それを解消するような情報を提供するようにする。,そのためには、商品を手に取ったまま迷っていそうなお客さんがいたときには、その様子を観察して、〈どこで止まっているのか〉 を把握したり、声をかけて、何を迷い困っているのかという 〈ためらいの理由〉 を聞いてみたりするとよいだろう。こうすると、〈溝を埋める情報〉を提供していくことができるようになる。また、情報と商品・サービスを 〈気づいてもらえる距離〉 に置いておくことで、迷いを減らすことができる。日頃から自分が買い物をするときの行動を振り返り、〈自分の経験の分析〉 をして、買う決め手は何なのかを考えてみるのもよい。,「買いたい」と思ったお客さんが、実際に買うという行動に至り、その商品・サービスの価値を実際に享受してもらうことができる。また、お客さんにとっても、「良いもの・ことを教えてもらえたお店・会社」という気持ちが生まれ、良い関係性を築いていくことにもつながっていく。,5,2,7
18,18,B7,ひとまわり大きな価値,情報と行動のデザインから、 お客さんの「体験」のデザインへ。,自分たちの提供する商品・サービスを、買ってもらえるようになってきた。,自分たちが扱う商品・サービスだけが自分たちが提供し得る価値だと思い込んでいると、それらに意識が集中し、お客さんの買い物体験に目が向かなくなる。,お客さんが実際に買うのは、自分たちが扱っている商品やサービスであるため、どうしてもそこに意識が向かってしまうものである。しかし、実際にお客さんにとっては、商品・サービスだけでなく、それらが提供されている場やそこでの関わり方、それを買う前後の出来事なども、買い物体験を構成している要素となっているのである。,お客さんが自分たちの店・会社を選び、商品・サービスに出会い、吟味し、購入し、受け取るまでの「体験」の全体をデザインしていく。,買い物をしえいるときやサービスを受けたりするときの雰囲気や前後の流れ、余韻などから得られる 〈体験全体の質〉 を大切にする。例えば、落ち着いて買い物を楽しむことができるような、お客さんにとっての 〈居場所になる〉 ことを意識したり、商品を届ける場合にはそれが 〈届くまでのこと〉 も含めて考えたりすることで、体験のデザインをすることができる。対応や音楽、ちょっとしたお土産などを工夫すると、〈心地よい余韻〉 とともに帰ってもらえるようになる。,商品・サービスを得るだけでなく、買い物体験全体の価値を高めることができ、お客さんに高い満足度を感じてもらえるようになるだろう。そうなると、後にその商品・サービスに触れたときに、そのときのことを思い出してくれることにもなる。それは、再びこの店・会社を選ぶという積極的な理由となり得るだろう。,6,2,8
19,19,B8,プロとしての目利き,御用聞きではなく、 教え導く「マスター」になる。,お客さんが欲しいと思う商品・サービスを提供できている。,お客さんのニーズに応えることに意識が行き過ぎると、それを超える価値を提供することはできない。,お客さんの中には、商品・サービスを自分で選んで「これをください」と言う人が多いだろう。しかし、提供している商品・サービスについての詳しい知識を持っている自分たちからすると、お客さん本人が選ぶものよりも、もっとその人が手にすべきものがあるとわかるものである。そうであっても、「お客さんのニーズに応えることが、売り手の使命」だと考えていると、お客さんの選択を尊重しすぎて、自分が良いと思ったものは抑え込んでしまいがちである。,お客さんがほしいというものを単にそのまま提供するのではなく、プロの眼から見て、その人が買うべきだと思うものを提案する。,大切なのは、お客さんが 〈欲しいと思う理由〉 なので、まずそれを聞くところから始める。そのように、お客さんのニーズや思いをきちんと聞きながらも、プロとして 〈教え導く〉 というくらいの気持ちで、〈あなたに合うもの〉 はこれだと提案し、その理由も伝える。また、使うときのために、商品・サービスの〈使いこなしのアドバイス〉を提供するのもよいだろう。,お客さんが、本人だけでは見つけることのできなかった、その人に合うより良い商品・サービスに出会うことができる。そして、そのように期待を超える価値が得られるとして、それを選んでくれた人やお店・会社への満足度・信頼も高まることになるだろう。,6,2,8
20,20,B9,心豊かな世界,自分が魅力的だと思う世界を通して、 お客さんの心の豊かな経験をつくる。,提供している商品・サービスに対し、お客さんから喜んでもらえている。,お客さんが必要だと思っている商品・サービスを提供できていても、それ以上の広がりは出てこない。,人は、その人がもっている関心や知識の範囲での世界を生きているのであり、その外のことは視野に入ってこないものである。そのため、お客さんは、自分の見えている範囲の外にある魅力や感動を自分で知ることはできないのである。そうなると、こちらではよく見えている価値でも、お客さんにはその素晴らしさがつかめず、それを享受できないということになる。,自分だからこそ見えている「世界」の素晴らしさをお客さんにも感じてもらい、そこにある幸せへ誘(いざな)うことが、自分の提供できる最大の価値だと考える。,まず、お客さんの〈幸せ増やしのお手伝い〉をしているのだという意識を持つ。そして、自分の好きなことや得意なことも仕事に結びつけ、〈自分の世界を織り交ぜる〉ことで、自分にしかできない新しい価値や世界を拓いていく。そのとき、従来の業界区分や商習慣に囚われず、〈何を売ってもよい〉のだと考えると、思い切った広がりを生むことができる。また、世の中で〈人々を魅了しているもの〉にも積極的に触れ、感性を磨くとよいだろう。,プロとしての知識・技量をもっている専門領域だけでなく、自分が好き・得意としていることを含め、そこで感じられる素晴らしい「世界」をお客さんに届け、垣間見てもらうことで、その独自の価値や美しさ、奥深さ、秘めた可能性などを味わってもらうことができる。このことは、自分にしかできないような独自の価値の提供に発展させていくことにつながるだろう。こうして、自分が商売をするということと、自分が生きていくということが重なっていくようになるのである。,6,2,8
21,21,C0,特別な存在,売る・買うという一時的な関係ではなく、 長く続く「絆(きずな)」をつくる。,日々、お客さんに商品・サービスを提供している。,その場その場での関係で終わってしまうと、次も利用してくれるかどうかはわからない。,あるとき、お客さんが商品・サービスを買ってくれたとしても、同様のお店・会社があるなかで、次回も、そしてその先も利用してくれる保証はない。そこが不確かなままでは、商売・ビジネスを安定的に続けていくことは難しい。,利用してくれたお客さんとつながり、良い関係を築いていくことで、自分がお客さんにとって無くてはならない存在となることを目指す。,まずは、【つながり始める】 ことで、お客さんと一時的な関係になっている状態を改める。お客さんとつながることができたら、コミュニケーションを重ね、単なる「売り手」と「買い手」の関係にとどまるのではなく、【心が通う体験を共有する】 ようにして、「人」と「人」の関係に発展させていく。自分たちのあり方に共感してくれる人が増えて来たら、お互いにとって良い関係をつくり、【ファンとともに進む】 ようにする。,お客さんに「同じものが買えるならどこのお店・会社でもよい」という気持ちがなくなり、自分たちのお店・会社を選んでくれるようになる。そのようなつながりがあるお客さんとの絆がさらに深まると、お店・会社のファンのような存在に発展する可能性がある。こうして、お客さんにとって、心地のよいかけがえのない存在になるとともに、商売・ビジネスも安定して続けていくことができるようになる。,0,3,9
22,22,C1,出会ったらつながる,つながることが、 絆づくりのはじめの一歩。,商品・サービスを買ってくれるお客さんがいる。,お客さんを「お客さん」として一括りで見ているだけでは、それぞれの人を認識したり連絡したりすることができない。,たしかに、個人情報の扱いに慎重になるあまり、なるべくお客さんの情報を持たないようにしようという気持ちが働いてしまいやすい。しかし、名前も連絡先も知らないままでは、何か良いお知らせがあっても連絡することができないし、心のこもった関係性へと発展させることもできないだろう。,お客さんに、名前や連絡先などを教えてもらい、こちらから連絡できる関係になる。,連絡先をもらうときは、こちらが必要だからというのではなく、お客さんにとって良いことがあるようにし、自分から喜んで 〈加わりたくなるリスト〉 になるように工夫する。また、来てくれたお客さんとつながるだけでなく、自らいろいろなところに出向いて 〈つながりをつくりに行く〉 のもよいだろう。〈興味をもってもらえる名刺〉 にしていると、初対面のときでも、その名刺をネタに会話がはずむため、印象的に覚えてもらうことができ、次の展開につながりやすくなるだろう。,お客さん一人ひとりのことを認識しやすくなるとともに、良いお知らせがあるときには連絡することができるようになる。また、連絡がとれるようになることで、《お近づきのアプローチ》 ができるようにもなる。このように、つながることは、絆づくりの第一歩になるのである。,7,3,10
23,23,C2,お近づきのアプローチ,何度か思い出すと、 記憶に残るものだ。,お客さんとつながり、連絡ができるようになった。,一度利用してくれたお客さんでも、しばらく接触がなく、連絡もとらないと、忘れられてしまう可能性が高い。,こちらにとっては大切なお客さんであり、また利用してほしいと願っていても、お客さんの側からすると、たまたま行ったお店・会社であって、それ以上のものではないということも多い。時間が経つにつれて、印象や記憶は薄れていき、忘れられてしまうからである。,不快に思われず、忘れてしまわれないようなちょうど良い間隔や頻度で、お客さんとの接点をつくる。,利用してくれたお客さんには、〈全員へコンタクト〉するようにし、まずは来てくれたことへの感謝の気持ちを伝える。頻度としては、出会ってから 〈21日間に3回〉 くらいがちょうどよく、遅すぎて忘れられるようなことがないようにしつつ、ダイレクト・メール（DM）をどんどん送りつけるようなかたちにもならないようにも注意する。何度か接点を持った際には 〈思いがけないプレゼント〉 を贈るのもよいだろう。最初のお近づきの期間が終わったら、これまでのお客さんと同様の 〈メイン・リストへの合流〉 をするようにする。,ちょうどよいタイミングで何度かメッセージを受け取ることで、お店・会社のことを思い出し、さらに理解が進んだり、良い印象をもったりしてもらえることにつながる。また、そこで触れられた話題や、こちらの 《ちょっとした自己開示》 などから、自分やお店・会社のことにより興味をもってくれるかもしれない。こうして、「また行ってみようかな」という気持ちが生まれてくるのである。,7,3,10
24,24,C3,ちょっとした自己開示,まずは自分から知ってもらう。,お客さんにコンタクトをし始めた。,商品・サービスの情報やセールのお知らせばかりでは、単なる広告になってしまい、お客さんとの心のつながりは生まれない。,自分たちが提供している商品・サービスを知ってもらうことは、こちら側にとっては大切なことではあるが、お客さんにとっては、よくある広告に過ぎないと感じられてしまうものである。そういうものばかりが送られてくると、絆をつくるどころか、連絡先を教えたことを後悔し、お店・会社に対して悪い印象を持たれてしまう恐れがある。,お店・会社が目指していることや自分たちのちょっとした個人的なことなど、こちらの人となりを理解してもらえるように、自分を語っていく。,ニューズレターを送るときでも、店頭のボードやウェブページなどでも、〈まずは自己紹介〉 から始めるとよい。ただし、それは、「自分を知って！知って！」という自己アピールではなく、こちらのことを開くことで、相手も心のガードが解けていくような 〈心が近づくお便り〉 を目指すことが大切である。自分のことを語ることを躊躇する人もいるが、やってみると楽しくなることが多いので、まずはやってみることが大切である。,お店・会社のこと、そこで働いている人を知ってもらい、人として親しみをもってもらうことができる。まずはこちらが自己開示をすることで、相手も同じように自分のことを語りやすくなり、相互に理解が深まり、関係が深まっていくだろう。こうして、人間的な心の通う関係性になり、長く付き合うことができる関係に発展していくことになる。,7,3,10
25,25,C4,自分らしい接し方,「お客様」扱いのコミュニケーションでは、 超えられないものがある。,お客さんとの良い関係を築いていきたい。,仕事上の接し方として適切だからと、「お客様に対応する」という姿勢を崩さずにいると、お客さんとの距離は縮まらない。,お客さんに失礼がないようにと意識すればするほど、間違いのない慎重な接し方をしてしまいやすい。しかし、そのような接し方では、仕事上の役割を遂行はできても、お客さんが気を許し、心地よくやりとりできるような近い関係に至ることはできない。,お客さんに対して自分は「売り手」であるということに囚われず、自分が一人の人として自然体であるような振る舞いをするようにする。,仲間と一緒に過ごしているような、そういう自然体の自分を想像してみるとよい。友達とするような 〈目的のないおしゃべり〉 ができれば、お客さんがどのような人で何を考えているのかがわかり、またこちらのことも知ってもらう機会になる。何か特別なことをしなくても、〈言葉がけひとつでも〉 絆は育まれるものである。いきなり馴れ馴れしく接するのではなく、徐々に 〈馴染みへのステップアップ〉 をしていくとよい。,単なる売買の関係ではなく、人と人とのコミュニケーションや関係性が育まれ、お客さんとの距離感が近くなる。打ち解け始めると、リラックスした心地よい関係のなかで、お互いのことを知ることができ、よりよい提案をしたり、要望を言ってもらったりできるようになる。こうしたことが、心のつながりに発展し、情緒的な出来事が生まれる準備となる。,8,3,11
26,26,C5,心に残る体験,情緒的な体験を共有すると、 心のつながりができてくる。,お客さんとの関係性を深めていきたい。,日常的におしゃべりをするようになると距離感は縮まるが、それだけでは、心が通じるような関係には深まっていかない。,お互いに気兼ねなくおしゃべりできる距離感になれば、お互いのことをよりよく知ることはできる。だからといって、それだけでこの関係が特別だという気持ちにまでは発展するというわけではない。,心のこもった振る舞いをしたり、お客さんと一緒に楽しむ企画やイベントを実施したりして、心に残るような体験を共にする。,日頃からお客さんに 〈さりげない心遣い〉 をしたり、〈笑顔になるサプライズ〉をして、日頃のやりとりのなかに彩を添えるとよいだろう。また、馴染みのお客さんには 〈ちょっとした特別感〉 を演出すると、喜ばれるものである。それとともに、お客さんとの関係を深めるための企画やイベントを実施してみるのもよいだろう。そのときは、店・会社側が一方的に何かを提供するよりも、〈お客さんを巻き込む〉ようなかたちにすると、一体感や達成感のある体験を共有することができる。企画やイベントは、〈自分たちらしいやり方〉 で実施することを心がけるとよい。,お客さんと、「商品・サービスを売る・買う」ということを超えた情緒的な体験を共有することで、自分や店・会社などが、お客さんにとって思い入れのある存在になっていくだろう。そうなると、そこで得られる商品・サービスのためではなく、「この人から」「このお店から」「この会社から」買いたいと思ってもらえるような存在になっていくことができる。,8,3,11
27,27,C6,商いにする,つながるだけで終わらない。,お客さんとの関係性が深まってきた。,お客さんとの距離が近くなり、素敵な体験をともにして喜んでもらってはいるが、それが商品・サービスの購入につながっていかない。,《自分らしい接し方》をしたり、《心に残る体験》を共有できたりしていると、その取り組みにやりがいを感じ、また、お客さんとの距離や関係がよくなった満足感も得られるものである。しかし、それがそれだけに終わってしまい、商売・ビジネスとしての目的につながっていかないということはしばしば起こるものである。,関係が深まったお客さんに対して、適切に商品・サービスをおすすめすることで、商品・サービスを通じた価値の提供にもきちんとつなげていく。,商売・ビジネスとは、こちらが提供する商品・サービスの価値に見合う対価として代金をいただくという行為である。それがお互いの 〈ありがとうの等価交換〉 であることを理解し、変に「商売っ気が出たらいけないのではないか」と思わず、自分たちが提供する商品・サービスを買ってもらえるようにつなげていく。イベントなどを実施したときには、〈また来たくなるしかけ〉 を工夫し、その場だけの関係にならないようにするとよい。また、短期的な視点だけでなく、〈長いお付き合い〉 になるという視野で捉えるようにするのもよいだろう。,関係が深まったお客さんだからこその喜んでもらえる提案をすることにもつながり、より良い価値を提供することができる。また、商売がきちんと成り立つことで、商品・サービスや、《心に残る体験》 の機会などを安定して提供し続けられるようになる。,8,3,11
28,28,C7,うちらしさを育てる,自分たちらしい方向性の先に、 広がりができていく。,自分たちの店・会社を気に入ってくれて、繰り返し利用してくれているお客さんがいる。,いろいろな取り組みのなかで、やっていることに一貫性がないと、お客さんが気に入ってくれている自分たちらしさが消えてしまうかもしれない。,他でうまくいったという具体的なやり方をそのまま真似たり、他で売れている商品をただ「売れるから」という理由で売ったりしていると、一貫性のない店・会社だという印象になってしまい、お客さんが信頼や愛着をもつことはできなってしまう。,取り組みの内容ややり方を考えるときには、それがうちの店・会社らしいかどうかを基準にして判断し、合っていると思えることを実践していくことで、自分たちらしさを育てていく。,これまで実践してきたことを振り返ってみると、自分たちらしい個性を認識することができる。また、お客さんから「この店・会社は〇〇なのがいいね」と言われるなどの〈まわりからの見え方〉 を、自分たちらしさを考えるときの参考にすることができるだろう。自分たちらしさが見えてきたら、その後何かを決めるときには、〈うちらしいか〉 を基準に判断していくようにすると、自分たちらしさを強化していくことができる。もし今までと目指す方向性が変わってきたときには、〈ミッションの更新〉 をしても構わない。また、定番の方法や他でうまくいっていることでも、それが「うちらしくない」と思える場合には、無理に取り入れようとせず、〈それをやらない代わりに〉 自分たちは何をするかを考えるようにする。,自分たちらしさを認識でき、自分たちらしい取り組みを次々と展開していくことができるようになる。そうなると、その自分たちらしさに共感・共鳴するお客さんとさらに良い関係を築いていくことができる。そして、それは、本質は変わらないまま、変化し続けるための進化の軸となるだろう。,9,3,12
29,29,C8,魅了し続ける,他にはない 特別な存在であり続ける。,自分たちの店・会社を気に入ってくれているお客さんがいる。,今の自分たちを気に入ってくれているお客さんがいたとしても、時間が経つと、その気持ちは冷めてしまうかもしれない。,時代は少しずつ変わっていくものであり、また、同じようなことの繰り返しではお客さんは飽きてしまったりもするだろう。そうなると、よく来てくれていたお客さんも、離れていってしまう可能性がある。,今気に入ってくれていたり、応援したりしてくれている人を魅了し続けられるような、軸のぶれない変化・成長を続ける。,積み重ねて来たものを柱とし、その〈軸はぶらさずに〉、様々なことにチャレンジし、変わり続ける。そして、その変化・成長し続ける姿を見て応援してくれるような 〈ファンと呼び得るお客さん〉 を増やしていくことを心がける。さらに、そういうファンに喜んでもらうファン・サービスとしては何をするとよいかを考えていく。自分たちが提供する場が、〈つい行きたくなる場〉 になるようにつくっていくのもよいだろう。,すでにある魅力や、気に入ってもらえている良さを失わずに、変化・成長し続けることで、「ついていきたい」と思える存在になっていくことができる。そうやって、自分の店・会社に「ファン」がいる状態は、自分たちの取り組みの自信になるとともに、安定性にもつながる。さらに、変化・成長への理解がある応援者がいることで、自分たちらしい挑戦もしやすくなる。,9,3,12
30,30,C9,ファン・コミュニティ,お客さん同士が出会い、 ともに歩んでいく存在に。,店・会社のことを応援してくれる「ファン」と呼び得るお客さんが増えてきた。,ファンと呼び得るお客さんと自分の1対1の関係だけでは、お互いの想定を超えるような展開には発展していかない。,自分とファンが1対1でつながっているだけの状態では、自分が働きかけなければ何も起こらないものである。また、ファンというありがたい存在も、そのような1対1の関係に留まってしまうと、そのたくさんの絆を維持することに負担を感じてしまうかもしれない。,ファンと呼び得るお客さん同士が集まって話す機会や、何かに一緒に取り組む機会などをつくることで、ファンが集まるコミュニティが形成され、共鳴や増幅、創発が起きることを促す。,ファンと呼び得るお客さんがたくさんいても、お客さん同士はお互いに知らないので、まずは、〈ファン同士が出会える場〉 をこちらが企画するとよい。また、単にファン同士の交流というだけでなく、ファンのお客さんたちが、こちらがやろうとしていることに参加し、一緒に取り組むというような、〈こちら側に来る機会〉 をつくるのもよいだろう。そういう企画を考えるときには、自分たちにもお客さんにもメリットがある 〈Win-Winになること〉 を意識するようにする。,ファンたちのコミュニティが形成され、自分たちとの絆だけでなく、ファン同士の絆も育まれていく。ファン同士がつながると、気持ちの共鳴が起きて盛り上がったり、ファンたちから新しいアイデアや企画が出てきたりするかもしれない。また、ファンとともに行う取り組みは、新しい仲間が増えるという豊かさをもたらす。こうして、自分たちを応援して、一緒に支えてくれる《ファン・コミュニティ》の存在は、精神的な安心感をもたらし、愉しく長く商売を続けていく基盤となる。,9,3,12
31,31,D0,創発の仲間,情報と知恵の渦のなかで、 成長し続け、結果を出し続ける。,価値創造マーケティングを実践していきたい。,一人で学んで試行錯誤をしていると、理解を深めるのが難しかったり、孤独でつらい作業になってしまったりして、挫折しやすくなる。,自分の実践について一人で振り返って把握・改善するということは、不可能ではないが、なかなか難しい。また、自分だけでは気づけないことも多々あるだろう。しかも、何かをやってみてうまくいかなかったとき、孤独を感じると、挫折しやすくなってしまう。,情報やヒントが得られる環境に身を置き、相談できる先輩や仲間と語り合ったり、励まし合ったりしながら、進めていくようにする。,まずはそのような場に出向き、【つながりのなかに入る】ようにする。そうすることで、これからどのようなことを学び、どんな人になろうとしているのかというのが肌で感じられ、【つながりのなかで磨かれていく】。学びが深まってきたら、今度は、これまでの経験を【実践コミュニティをともにつくる】ことに向け、他の人の助けになりながら、自分も新たなステップに進んでいく。,人とかかわりながら学ぶことで、誤解や思い込みを避けることができ、考えを深める機会も増える。また、同じ目標に向かってがんばっている人たちが周りにいれば、自分が前に進んでいくための刺激とパワーを得ることができる。そのような仲間は、商売のことだけでなく、生き方についても高め合う仲間になることが多く、人生におけるかけがえのない存在になっていくだろう。,0,4,13
32,32,D1,場に出てみる,飛び込んでみて、 感じることがとても大切。,価値創造マーケティングの実践を始めようとしている。,考えや事例を知っても、実践にはなかなか一歩が踏み出せないかもしれない。,理解した考え方が本当にそれで合っているのかや、事例を参考に自分で考えてみた取り組みがこれでよいのかなど、不安に思う気持ちが生じ、なかなか実践に踏み出せないことがある。そういう気持ちは、一人でいくら考えても、なかなか払拭しにくいものである。,まずは実践している人たちと会える場に足を運び、すでに実践している人たちの話を聞いたり、質問したり、自分の悩みを話して相談したりしてみることで、自分がこれからどうしたらよいのかを考える。,実践している人たちの集まりで、〈ここなら行けそう〉 と思える場を探して、なにはともあれ、飛び込んでみる。その場の目的やメンバーによって、雰囲気やモードが違うので、いくつか出てみて 〈好みの場探し〉 をして、自分に合う場を探すとよいだろう。もしそういう集まりが見つからない場合には、周囲の人に価値創造マーケティングの実践を 〈始めたことを言う〉 と、想定していなかった人やつながりから情報が得られたり、仲間が見つかったりすることがある。,自分がこれから取り組んでいくことをすでに実践している人たちに出会うことで、未来へのリアリティを感じたり、孤独ではないと感じたりすることができ、ためになる情報や励ましも得られるかもしれない。また、自分が感じている不安や思いを口に出すと、先輩たちも同じような道を経てきたことがわかったり、そこから次に行くためのヒントが得られたりすることもあるだろう。,10,4,14
33,33,D2,とにかくつかる,どっぷり浸(つか)かると、見えてくる。,価値創造マーケティングについて理解を深めたい。,時間がない、費用がないなどの理由で、参加・接触の頻度や濃度を薄くしてしまうと、習得に時間がかかってしまったり、なかなか結果が出なかったりする。,何でも学び始めのときには、五里霧中で、何がわからないのかもわからないような状態になるものである。そうなると、理解できている範囲のなかでしか実践できないだけでなく、その範囲がほぼすべてだと思ってしまい、より奥深いところがあることにも気づくことができない。,わからなかったり、できなかったりしてもよいので、とにかく考え方や事例などの情報にできるだけ多く触れ続けるようにする。,まずはどっぷりと浸かって、とにかく情報に触れ続けることを大切にする。事例なども、まずは流し読む程度でよいので 〈ガバッと入れる〉 ようにする。読む・見るだけでなく、〈目から耳から〉 いろいろな方法で情報を入れるようにすると、時間がないなかでも多くの情報に触れることができる。また、他にもやることがあるなかで、一つに没頭することに抵抗があるときは、「とにかく半年だけは」など、〈つかり期間〉 を決めてみると、その期間は思い切って集中して浸かることができる。,徐々に理解が深まり、いろいろなことがつながり、意味が見出せるようになるだろう。そうなると、学ぶことが楽しくなってきて、「すごい！」「もっと知りたい！」「ここはどうなっているんだろう？」というように、自分のなかに好奇心が湧いてくるようになる。こうして、自分の理解に自信を持てるようになり、実践したいことも見えてくるだろう。,10,4,14
34,34,D3,リアルに感じる,事例を生んだ人たちに出会う。,価値創造マーケティングを実践しようとしている。,いまいち自分の商売や事業で効果が出るというイメージが持ちづらく、実践に踏み出すことができないということもある。,考え方を理解し、大切だと思い、事例も魅力的だと感じていても、これまでの自の経験と照らして、どこか心のなかで本当のことだと思えなかったり、そこまで効果があるとは信じることができなかったりするかもしれない。,すでに実践している身近な人や、事例に出てくる人のことを知り、リアリティを感じるようにする。,自分がすごいと思う事例をつくった人と会えそうな場に出向いてみたり、人づてで紹介してもらったりするとよいだろう。あるいは、本人が話している動画などを見るのでもよい。実際に知ってみると、ものすごく実績を上げている人も、伝説的な事例をつくった人も意外と普通の人で、〈すごい人もただのおじさん〉 だと感じたりするものだ。また、そういう人たちが、その成功に至るまでに行ったいろいろな試行錯誤や、実践を重ねた故に見えてくる世界について、話を聞くのもよいだろう。こうやって、リアリティをつかみつつ、業界や自分のなかにあった 〈これまでの常識の一旦保留〉 をして、実践へと踏み込んでいく。,自分と同じような状況の人が、試行錯誤を重ね、実績をあげているということのリアリティを感じると、自らの実践への意欲が湧いてくるだろう。また、実践を重ねている人たちの楽しそうな様子を見ると、自分も実践を重ねたあとに、その仲間入りをするんだと思うと、ワクワクしてくるかもしれない。,10,4,14
35,35,D4,語り合い高め合う,外化すると見えてきて、 話してみると創発が起きる。,自分なりに実践をしている。,一人で実践を続けていると、自分の間違い・勘違いに気づかなかったり、発想に限りが出てしまったりする。,自分がそうだと理解し、思い込んでいることを、自分で認識・修正していくということは難しい。また、自分で思いつく範囲での取り組みにとどまり、バリエーションが広がっていかなかったり、これまでの常識の範囲内でのアイデアしか思いつかなかったりする。,自分のやっていることや考えていることを、先輩や仲間と語り合うことで、新たな気づきを得る。,思考を深めたり、新しい考え方を得たりしようとしているときには、頭の中であれこれ考えているだけではなく、〈話すことによる気づき〉 が大きな力となる。また、実践している人から聞く話は、〈工夫の宝箱〉 だと捉え、どんどん聞き、また逆にどんどん話すようにする。そのときには、理論の 〈用語を使って話す〉 ようにするとよい。さらに、この価値創造マーケティング・パターンの言葉も、このような語り合いを支える共通言語になる。,話すことで思考が整理され、それまでの取り組みや学んできたことに関する理解を深めることができるとともに、他の人からの話は新しい発想や刺激となるだろう。ともに高め合い学び合う仲間がいれば、コミュニティ全体でレベルアップしていくことができ、お互いに結果を出し続けることになる。そのような仲間たちは、人生におけるかけがえのない存在となることにつながっていくだろう。,11,4,15
36,36,D5,源泉に触れ続ける,自分が知っていることも、 すでにバージョン・アップしているかもしれない。,日々、試行錯誤しながら実践を続けている。,以前知って理解したことのなかに、すでにバージョン・アップされていて、もっと良い方法や表現に更新されているものがあるかもしれない。,価値創造マーケティングの考えと方法は、時代状況やたくさんの実践事例、関係する学問の発展などによって、絶えず更新され続けるものである。そのため、一度理解したと思ったことでも、その考え方や方法は、より良い内容や表現に変わっていることがあり、学び続けることが不可欠となる。また、自分なりの実践を重ねているうちに、自己流になって、本質からズレていってしまうこともあるので、注意が必要である。,更新・進化した考え方や方法を知り、正しく理解し続けるために、大元の情報源からの最新情報に積極的に触れ続ける。,誰かを介した又聞きではなく、信頼できる 〈源泉からの発信〉 をしっかりフォローし、積極的に触れ、自分の理解をアップデートしていくことを心がける。そのときには、〈正しい理解へのこだわり〉 をもって学ぶようにするとよい。,常に最新の情報に触れることで、そのときどきの最良の実践をすることができるようになる。また、自己流になってズレてしまった考えを補正することもできる。さらに、自分の実践・経験も日々増えているので、すでに知っていたことでも、改めて聞き直すことで、気づきや発見を得ることができる。,11,4,15
37,37,D6,自信のチャージ,進み続ける勇気と安心をもたらし合う、 お互いに背中を押し合える関係。,実践を続けていく中で、このままでよいのか、不安になることがある。,不安なまま続けて精神的につらくなってしまったり、自信を持てないままでいたりすると、実践が止まってしまいやすい。,グッとこらえて実践を重ねるべきときなどに、「こういう取り組みでよいのか」「このまま続けていて大丈夫なのか」などと、不安に感じることはあるだろう。特に一人で推進しているときなどは、周囲にも相談できないまま、自分だけで抱えてしまうことがある。,先輩や仲間に会う機会をつくり、自分のやっていることや不安に思うことを話して反応をもらったり、他の人の頑張りを聞いたりして、勇気をもらいに行く。,不安で元気がないときだからこそ、実践者たちの集まりに出向き、〈ひとりじゃないということ〉 を実感しにいくとよい。そこには同じような志を持ちながら不安や悩みを抱えた仲間や、それを乗り越えた先輩たちがいるはずだ。そこで、自分たちの不安に思うことを語り合うだけでも、一人ではないことを感じて、パワーをもらえるだろう。しかも、自分では不安に感じていた取り組みに対して、〈先輩の太鼓判〉 をもらったりすることもある。,がんばっていたり悩んでいたりしているのは自分だけではないと思えることで、前に向かう力を得ることができる。また、先に進んでいる先輩からの励ましや太鼓判は、この先に進んで行くための、何よりの安心材料ともなる。大きな成果はいきなり達成できるものではなく、地道な努力によって成し遂げられるので、挫折しそうになるときは誰にでもあるが、このように背中を押し合っていくことで、大きな成長へとつながっていく。,11,4,15
38,38,D7,伝えながら育つ,後輩に伝えていくことで 初めて得られる新たな気づきがある。,実践をかなり重ね、実践者として手応えを得られるようになってきた。,学び続け実践を重ねてくると、ある段階までいくと、大きく伸びにくくなってしまう。,自分ではよくわかっていると感じていることでも、実はきちんと理解できていないことも多い。また、自分がわかっていないことや深まっていないことは、苦手で見えていないことも多く、自分だけでは気づきにくいものである。,自分がやってきたことを振り返って、後輩となる実践者たちに伝えたり、学びの浅い段階の人からの質問に答えたりすることで、自らも更なる進化へと進んでいく。,これまでいろいろな学びや刺激や勇気をもらってきたことを、今度は自分が後輩に伝えて 〈コミュニティへの恩返し〉 をする。また、これまで実践を重ねて成果を上げてきた 〈生き証人〉 として、多くの後輩たちに前に進むための参考にしてもらうのもよいだろう。また、そのなかで、説明したり、質問に答えたりすることで、自らの考えを深め、研ぎ澄ましていくようにする。,どのようにすればわかりやすく説明できるかを考えたり、様々な疑問（時には想定外の質問）に対する答えを考えたりしているうちに、改めて本質が見えてきたり、自分が見えていなかったことに気づいたり、新たな発想が生まれたりすることがある。また、改めて振り返ることで、自分の成長や軌跡を俯瞰することができ、自分を一段上に上げることになり、誇りを感じる機会にもなる。こうして、実践者コミュニティへ貢献することは、自分のいるコミュニティを引き上げながら、自らの喜びを得ることにもつながるだろう。,12,4,16
39,39,D8,巻き込み広げる,仲間が増えると、 できることも広がっていく。,自分の店・事業で、実践の成果を安定的に出せるようになった。,自分の店・事業の状況が良くなればなるほど、周囲の苦しい状況が気になってしまい、なんとかならないかと心を痛めることがある。,自分たちの実践によって関係性や場の質が上がると、相対的に周囲のことが目についてしまうものである。「こうしたらよいのに」とか「それはやっちゃだめだよね」と、問題点や改善案が見えてくることもあるだろう。ときには、かつての自分を見ているようで、つらく感じてしまうこともあるかもしれない。,地域の人や業界の仲間にも価値創造マーケティングの考えを共有し、一緒に取り組んだり、支え合ったりすることで、周囲も含めて全体的により良くなるように活動を広げていく。,まずは、自分が価値創造マーケティングの実践を 〈やっているということを言う〉 ことからすべては始まる。また、自分の店・事業の状態に興味を持ってくれる人がいれば、どのような考えのもと何をやっているのかを紹介するようにする。また、地域や業界で 〈周囲とのつながりから〉 始めることや 〈既存のコミュニティとつながる〉 ことで、取り組みを大きく展開していくことができるだろう。そのときには、必ず 〈共感ポイントの確認〉 をするようにする。,つながりながら連動企画をするなど、店・会社の魅力を大きな活動をつくっていくことができるようになる。そうなると、実践する仲間が増え、地域や業界の全体の魅力が上がるだろう。このことは、そこにある個々の店・会社も底上げされるということになり、それぞれにもメリットがある。このような展開に至ると、仕事により大きなやりがいをもたらし、豊かな人生につながることになるだろう。,12,4,16
40,40,D9,終わりなき道,「あり方」を極める。,かなりの実践を重ね、成果もたくさん生み出してきた。,もう自分はマスターしたと思い、学ぶことをやめてしまうと、そこで止まってしまう。,実践によって確実に成果が出せるようになると、「もうよくわかった」と思い、これでよいと思う気持ちが出てくるものである。しかし、時代は動き、周囲を含む世界は変化していく。また何より、生きるとは変わり続けることである。そのため、学ぶことを止めるということは、先に進まず、そこに止(とど)まるということを意味するのである。,新しい世界をどんどん切り拓き、人間性も高め続けている魅力的な仲間たちとともにいる幸せを噛みしめながら、商人としても人としても、自分を磨き続ける。,自分らしく実践をしたことによって、お客さんに喜ばれ、仕事にやりがいを感じ、売り上げにもつながるという循環が続くと、〈生き方と商売の融合〉 が感じられるようになる。このように、商売をより良くしていくことは、〈人としての成長〉 につながっていく、ものであり、またその逆も然りなのである。,商売が人生を豊かにし、人生が商売を豊かにするだろう。そして、それは、愉しく仕事を続けていくことにつながる。さらに、学び続けようという姿勢は、傲慢にならず、今の自分に謙虚であるということにつながり、人間性としても深まっていく。そのような境地に達した素晴らしい仲間たちや、自分たちに続く後輩たちとともに歩みを進め、道を極めていくということは、「生きる」ということにほかならないのである。,12,4,16